,plantName,avgDist2CenterAllSpots,avgDistSpotCentroid2Edge,avgDistSpotEdge2Edge,avgSpotSize,biggestSpotArea,centerCoveredbySpots,distCoveredbySpots,edgeCoveredbySpots,medSpotSize,nuDistSpots,nuProxSpots,nuQuadIIISpots,nuQuadIISpots,nuQuadISpots,nuQuadIVSpots,nuSpotCentroidsInCenter,nuSpots,nuSpotsContainedInCenter,nuSpotsContainedInEdge,nuSpotsMostlyInCenter,nuSpotsMostlyInEdge,nuSpotsMostlyInThroat,nuSpotsTouchActualEdge,nuSpotsTouchCenter,nuSpotsTouchCut,nuSpotsTouchEdge,nuSpotsTouchThroat,propSpotsInCenter,propSpotsInDist,propSpotsInEdge,propSpotsInProx,propSpotsInQuadI,propSpotsInQuadII,propSpotsInQuadIII,propSpotsInQuadIV,propSpotsInThroat,proxCoveredbySpots,quadICoveredbySpots,quadIICoveredbySpots,quadIIICoveredbySpots,quadIVCoveredbySpots,realEdgeSpotted,smallestSpotArea,spotOnCentroid,throatCoveredbySpots
0,P247,0.4361279385375685,0.034726068476319455,0.0047341820062664075,0.0324504239516118,0.178722090237622,0.2315568896538418,0.11232206533827535,0.12493592524717127,0.004133857287293121,6,2,3,1,1,2,1,7,0,5,1,5,1,5,1,2,5,2,0.5085428727615668,0.24859152622520572,0.19961410278898445,0.7514084737747946,0.4072364582038712,0.3441720155709226,0.11856005320847389,0.1300314730167318,0.29184302444944726,0.34324731646837775,0.36889911091733124,0.3171527702818319,0.10629018032086436,0.11845105288639476,0.08248513185578925,0.0030879415880984756,TRUE,0.4796908245176421
1,P247,0.3992836786207594,0.1086795051434891,0.03242889261474133,0.01896573412397954,0.05841872360473135,0.13995675297087184,0.06414838154539247,0.058293687641368074,0.013370798490176613,4,4,3,1,3,0,1,7,0,3,1,3,3,3,3,1,4,4,0.526958330344384,0.2405292422150157,0.15965840040243043,0.7594707577849844,0.4337294542018136,0.32574130358317094,0.21144208618960844,0.029087156025407252,0.3133832692531858,0.20076919397950244,0.24628632315242693,0.16112031186282338,0.1213394665442469,0.014492783064586118,0.04019586939547151,0.0006449839875714385,TRUE,0.30473855363324404
2,P248,0.4710270906388393,0.10469141000499496,0.021046048807694853,0.045893723957214624,0.17291120752609632,0.13765314775139725,0.4029671500934331,0.33427024323271975,0.011039993126852528,2,4,1,0,3,1,0,5,0,1,0,2,3,2,2,2,3,3,0.29872354883202423,0.8626516945084153,0.6016234333826451,0.13734830549158478,0.10947620652214617,0.027872098969438618,0.751724840285325,0.1109268542230903,0.09965301778533174,0.06194827606426998,0.09993530995949862,0.02484865850123328,0.7142784706222377,0.1019244790850905,0.27622655582585975,0.004407405816401047,FALSE,0.2568608405984937
3,P248,0.4367599677839408,0.09968871528976489,0.0021006155232649038,0.09132314687952979,0.2682829967633685,0.2801886337798055,0.5537661898804849,0.45771915048907413,0.04376402374853557,2,2,1,1,1,1,0,4,0,1,0,2,1,3,3,1,4,2,0.38230436555445724,0.7603892044682412,0.4910046186546487,0.23961079553175874,0.17489739896175904,0.0647133965699997,0.33556078144902585,0.4248284230192148,0.12669101579089356,0.1756151580790051,0.2440729948330638,0.09989253679493969,0.46706184514790344,0.6489171958712454,0.36893813519924107,0.009481543257679557,FALSE,0.42180032484576346
4,P248,0.5233030632368849,0.04044887664999033,0.0168638498030302,0.007525365030579753,0.03597826423918197,0.039677316043231665,0.12363209566962188,0.18819446882598082,0.003007045964845463,5,11,2,6,5,3,1,16,0,9,1,11,4,10,3,3,11,7,0.16412899614368628,0.5136825069883774,0.5865927921021774,0.48631749301162275,0.33047668088862725,0.15584081212299547,0.31909261871015876,0.19458988827821844,0.24927821175413659,0.11717600026919112,0.16875581056701902,0.07109514268807271,0.16861497342228995,0.0860067725912637,0.4256291839823221,1.7714556493934562e-05,FALSE,0.23702417818360388
5,P253,0.49071251821424994,0.02265787135434325,0.0013688157398702092,0.025825544777346377,0.16433326166597115,0.19872961241991985,0.07340790626479618,0.10045081902855918,0.0031133145311900575,6,3,2,1,2,3,1,8,0,5,1,6,1,5,1,2,7,3,0.4783591045861877,0.17875620329436176,0.18616639969031357,0.8212437967056383,0.3909678650222632,0.43027593168337464,0.07550709366580678,0.10324910962855499,0.33547449572349813,0.3414649035261937,0.3157454314230813,0.3687585174695646,0.06094589437915762,0.08631510330853606,0.07344020282649674,4.215727191861978e-06,TRUE,0.5786289248221435
6,P253,0.4538247718793093,0.13749568469599222,0.06430341126187084,0.008981311343163179,0.026101375879532117,0.03146127972534122,0.0,0.0020113270549063944,0.008013265809169537,0,5,0,4,1,0,1,5,0,0,1,1,3,1,2,2,1,5,0.3498711297107539,0.0,0.016540664011497674,1.0,0.4334114129623524,0.5665885870376475,0.0,0.0,0.6335882062777486,0.08988620365334601,0.07714231725961312,0.10288810616652377,0.0,0.0,0.01768969195696326,0.0007977412270873487,FALSE,0.21668418595672523
7,P257,0.2694461929992606,0.21705421678595213,0.17373206148635575,0.009399050339634006,0.01944280088306962,0.017582289793972587,0.03911714218288315,0.05040310301065712,0.004536229394511991,1,2,0,2,0,1,2,3,2,1,2,1,0,1,2,0,1,0,0.31046931407942246,0.6895306859205775,0.6895306859205775,0.31046931407942246,0.012387556209406186,0.2980817578700163,0.11250411311425938,0.5770265728063181,0.0,0.017405673397835372,0.0013410242472491213,0.03466121825600059,0.012491857774277847,0.06693164600514166,0.01496112376351841,0.004218120741320407,FALSE,0.0
8,P257,0.42492354569925406,0.11200455494383187,0.09036708511161727,0.003885243683836709,0.011736057090675413,0.020472241649040733,0.0234211565558894,0.03039723269201292,0.0031995129705414812,4,4,2,4,0,2,2,8,2,4,2,4,2,4,2,2,4,2,0.32796517954298166,0.37889009793253536,0.37889009793253536,0.6211099020674647,0.06322037581257263,0.5578895262548921,0.004975160519159195,0.3739149374133762,0.2931447225244831,0.03882966868243799,0.00749828023875831,0.07375160475258635,0.0005876960279355256,0.048486552455559315,0.025742176232040136,1.3528596069942675e-05,FALSE,0.07947756520042562
9,P257,0.48845585737134184,0.06114896263672032,0.03315074352119189,0.006550410365163598,0.025308893955535188,0.05071791442563493,0.06880279726278031,0.0928620199411206,0.00407959059727795,6,6,3,3,3,3,1,12,1,6,1,7,4,7,1,4,7,5,0.3219759341355286,0.4317289423685877,0.4396940176862243,0.5682710576314122,0.25971477438570567,0.3085562832457065,0.18198794156137146,0.2497410008072162,0.23833004817824696,0.08814538739203603,0.08026352410526573,0.09608757552447418,0.05777498714446169,0.07991887421759974,0.15187491487052943,0.00036838279951015025,FALSE,0.14545050308530405
10,P297,0.5268538391403886,0.0718911071902928,0.04197100945819474,0.013287905060134792,0.08077112286311637,0.12485324573966797,0.19649258338704387,0.22968933695419547,0.0027496178646098735,7,6,5,4,2,2,1,13,1,5,1,8,3,8,3,4,8,5,0.36025203408900675,0.5747376565661526,0.5112552395886534,0.42162625718486463,0.2179326898442054,0.2036935673406591,0.2917026697238053,0.2830349868423478,0.12485664007335712,0.14721739011018553,0.14654836106947872,0.14793998458750984,0.18911052431068526,0.20472906239143032,0.25057338439825416,4.392360806085981e-06,TRUE,0.18423714828691357
11,P297,0.3446264619409634,0.05878335297050418,0.0,0.08841980426964605,0.13896383739667983,0.1690852955268646,0.27752521161930205,0.30082534750154644,0.07909104103787466,1,2,1,1,1,0,1,3,0,0,1,1,1,1,3,2,1,2,0.318405799310142,0.5238790055558674,0.4086344863306528,0.47612099444413253,0.2331508166854912,0.2429701777586405,0.2864582784535087,0.2374207271023575,0.27295971435920446,0.25295798695352356,0.23313488733445933,0.2754309876023033,0.2889965702447155,0.26484137192947865,0.23640389137001355,0.04720453437438364,FALSE,0.5165689259059706
12,P299,0.3370650998097234,0.03468449790487536,0.0,0.008322716735239448,0.008322716735239448,0.0,0.016596130894327814,0.02320481037506526,0.008322716735239448,1,0,1,0,0,0,0,1,0,1,0,1,0,1,0,0,1,0,0.0,1.0,1.0,0.0,0.0,0.0,0.8924155391829431,0.10758446081705654,0.0,0.0,0.0,0.0,0.0300727819753174,0.0035181524999121456,0.025696347769813395,0.008322716735239448,FALSE,0.0
13,P299,0.42175160490681146,0.1035580392666171,0.07364527432528813,0.002644471744111124,0.00791250016511895,0.017528816396751516,0.013591930014853896,0.019115785017257168,0.0011129017344094691,2,7,2,5,2,0,1,9,1,2,1,2,6,1,2,4,2,6,0.36809964519478916,0.2870820036076038,0.2870820036076038,0.7129179963923961,0.060490718904213495,0.6524272774881827,0.2055075560339211,0.08157444757368269,0.34481835119760706,0.034119285263924826,0.005353945243732471,0.06798578909296234,0.018448883688837042,0.008171983487806702,0.022101985277655143,0.0001816308468620798,FALSE,0.05748288079608573
14,P331,0.5101234763932706,0.06808771784411226,0.04056621734273707,0.008874062496905057,0.11905988653990084,0.2272642682623345,0.1385481798778887,0.14639891612902436,0.0008487813344035744,8,16,4,7,9,3,4,23,3,15,4,15,4,15,4,3,15,5,0.5545396896160343,0.336385615055815,0.26300055802088634,0.6636143849441849,0.2923005444795755,0.3713138404646091,0.09978880051392437,0.23659681454189052,0.18245975236307854,0.26850193732158634,0.22779040680759272,0.31246310627714974,0.07869937987298839,0.20397015950723033,0.48050655829871275,5.42352290353717e-06,FALSE,0.27522571635056126
15,P331,0.5326441173493571,0.05183286113284504,0.03412056333994422,0.004107957621220319,0.07467730058874346,0.15786701779679818,0.055564096917109194,0.028077725166870387,0.00011095681762397765,6,21,0,8,13,4,3,25,2,15,3,16,6,16,3,4,16,8,0.7647860985408125,0.27139695400163655,0.10101740779425375,0.728603045998365,0.2733255576943527,0.4552774883040118,0.06960131399265056,0.20179564000898595,0.13419649366493366,0.15014061151599525,0.10114474055366729,0.21170935545628863,0.026588095419764316,0.08902885312886037,0.22537449995461978,3.3623278067871594e-06,TRUE,0.10363259500839844
16,P339,0.5642218354255023,0.014909735931067742,0.005460766966416177,0.0015133417491739825,0.014200315877068334,0.0,0.031045317005019404,0.04625888114537782,0.0002533243514047468,8,4,5,1,3,3,0,12,0,10,0,12,0,7,0,2,12,2,0.0,0.8575436408977558,0.9865390909464867,0.14245635910224447,0.05112219451371573,0.09133416458852874,0.468965055943529,0.38857858495422715,0.013460909053513357,0.005190904806277725,0.0037033989897092313,0.006696383950013036,0.03414224645734466,0.027982078510797474,0.06310331564575714,5.660879361000021e-06,FALSE,0.0021219412304897688
17,P339,0.559128582083919,0.0044321240518119896,0.0013234819544712167,0.0003509693040838323,0.008681579670711478,0.0,0.029584430696649358,0.047445639971369524,2.007480179993749e-05,47,4,22,1,2,25,0,50,0,49,0,49,1,45,0,1,50,1,0.0,0.8409363010183568,0.997827567052958,0.1590636989816427,0.002639915522703232,0.15642378345893945,0.7262822657063788,0.11465403531197825,0.002172432947041894,0.005569441829041636,0.0001874283756364682,0.010806367598750788,0.0537111797665274,0.007693369669075583,0.41882058286954066,3.0884310461441486e-06,FALSE,0.00028509970027827865
18,P341,0.4836554224503311,0.06468966515438196,0.055566512270361114,0.002173993620393808,0.02067855811306684,0.042081263702711674,0.036121944036692624,0.04920261627335844,1.569827907615628e-05,11,7,7,3,4,4,4,18,4,14,4,14,0,14,4,0,14,0,0.5362551399057264,0.4627419516598136,0.46374486009427357,0.5372580483401863,0.40576615175152314,0.13149189658866337,0.3936964626945872,0.06904548896522647,0.0,0.04215753030708125,0.06457310145348137,0.020354049884474312,0.06381640532087024,0.010396311345120403,0.12214469563920743,3.924569769038982e-06,FALSE,0.0
19,P341,0.3684391328582567,0.12545677730978425,0.09407967190548054,0.0056207065999026185,0.013711892823689613,0.035727666791453574,0.008984729884603668,0.037182547728697335,0.005017986036223952,2,5,0,2,3,2,3,7,1,3,3,4,0,4,3,1,4,3,0.45323756257603603,0.11493448034410322,0.35062059132613593,0.8850655196558967,0.4068672215374471,0.47819829811844977,0.05372695274831739,0.0612075275957859,0.19614184609782812,0.07010962628633981,0.06426816251813482,0.075985921646072,0.008308523051488246,0.009675984873726918,0.1047020562370508,3.9356753225285675e-06,FALSE,0.05942580305652662
20,P342,0.4750631450464817,0.028243684511941373,0.0,0.04882464708381669,0.21939761969551605,0.48709429650434655,0.3791383837818152,0.28307136456375004,0.005969857114895283,6,3,2,1,2,3,1,8,0,5,1,6,1,6,2,2,6,2,0.6222430291281326,0.48393203316172095,0.27737326181771527,0.5160679668382789,0.28390896949124067,0.2321589973470379,0.3110955578446886,0.17283647531703342,0.10038370905415248,0.4019900666934414,0.443862559904263,0.3604112401746096,0.49809800551361566,0.26515473275422724,0.262596004785213,4.773976101475577e-06,TRUE,0.3314603477489915
21,P342,0.40678263260200787,0.08822148203677706,0.049008025477575996,0.07253388710765331,0.31695879956018336,0.5138635084128809,0.43101819682825493,0.400733249094714,0.03570273591617607,5,3,3,1,2,1,2,7,1,4,2,5,0,2,3,1,6,1,0.5040222535766992,0.4255095260778134,0.295844619795766,0.5744904739221866,0.28679655267972254,0.2876939212424646,0.2381056118246568,0.1874039142531566,0.20013312662753516,0.5848401697253325,0.5667144146272776,0.6041014416180603,0.46900563568031833,0.39080126901559037,0.09339205800968485,8.489101610503833e-05,TRUE,0.7992024974166159
22,P344,0.4446827880946058,0.3186993659003278,0.0,0.1168260038240918,0.4374719428048883,0.5776056807261242,0.5397891465344629,0.3993402920363852,0.014583506525895747,1,4,1,1,2,0,1,4,0,0,1,2,1,3,1,3,3,4,0.6156469624802784,0.5812270119635643,0.33472506258007945,0.41877298803643553,0.20009265880819926,0.21868032922823633,0.38456694923789103,0.19666006272567388,0.04962797493964328,0.39389172583795895,0.3992038162624372,0.3891535280790141,0.7531123805309694,0.34737622127923184,0.3734913409491742,0.0006650594396874216,TRUE,0.2103957501797053
23,P344,0.3200298668263147,0.041000194312954305,0.0,0.32747449837462045,0.6392706348316681,0.7576118734493473,0.6613039559156019,0.5128834457148063,0.32747449837462045,2,1,1,0,0,1,1,2,0,1,1,1,0,3,1,1,2,1,0.5769656007536903,0.505234350518871,0.29452273885697505,0.49476564948113316,0.28288397703821677,0.21188167244291603,0.2685217679594919,0.23671258255937916,0.12851166038933748,0.6485843915816266,0.6635089398088407,0.6296746505344241,0.6329895789626504,0.6966536380609477,0.4750292171771552,0.015678361917572766,TRUE,0.6727327486280777
24,P345,0.4426359961759903,0.032946303501881685,0.005030710325291565,0.0019075939956659964,0.0019075939956659964,0.0,0.0,0.0,0.0019075939956659964,0,1,0,1,0,0,0,1,0,0,0,0,1,0,0,0,0,1,0.0,0.0,0.0,1.0,0.0,1.0,0.0,0.0,1.0,0.0038710319745061997,0.0,0.00828191724282496,0.0,0.0,0.0,0.0019075939956659964,FALSE,0.020637810868851865
25,P345,0.4370259651337287,0.11383455147829542,0.082457517571879,0.0016504143469821826,0.0031177721730842995,0.0,0.0,0.0,0.0009879240809400384,0,3,0,0,3,0,0,3,0,0,0,0,3,0,0,2,0,3,0.0,0.0,0.0,1.0,1.0,0.0,0.0,0.0,1.0,0.00998003369804635,0.021493011446786885,0.0,0.0,0.0,0.0,0.0008455467869222101,FALSE,0.05034066012019315
26,P348,0.503218884766616,0.07069243675334577,0.034274791484800955,0.007306958254569625,0.0692177952686009,0.19672193037074717,0.16277314964527936,0.16536580060843611,0.0032086372446035703,14,16,4,11,5,6,5,26,2,15,5,17,4,15,6,2,19,7,0.5165714843226812,0.4321457100292059,0.33575612567481483,0.567854289970794,0.3129514138861173,0.25490287608467654,0.2244512424909406,0.20769446753826545,0.14767239000250407,0.21766951510939328,0.25327878797570624,0.1856281944001618,0.17926974680318947,0.14805024250657509,0.32440753093491076,0.00017383971238774438,TRUE,0.24311992511792832
27,P348,0.4756328048527022,0.09769624613010079,0.0527234015144696,0.012265092006471356,0.13320261596123728,0.2925203463068526,0.177221293954291,0.08672469207937107,0.003029899581623718,5,12,2,6,6,2,3,16,2,6,3,7,6,8,3,6,8,8,0.7418360247150397,0.44614103275410516,0.15711223767709473,0.5538589672458916,0.3247424309925613,0.22911653625333062,0.21258826995436872,0.23355276279973655,0.10105173760786555,0.21481227817995163,0.2624386281325525,0.17086312693341546,0.1793624865192102,0.1753162692173303,0.21480163844088185,0.00014524152455186912,TRUE,0.13507295190624255
28,P351,0.5782530659273261,0.01390519975514266,0.005218106334798101,0.00448658391410976,0.13654171889061367,0.38004425762439137,0.27321331891014905,0.20256685388178683,8.156451617288332e-06,38,30,19,22,7,18,3,66,1,61,3,62,1,62,4,1,63,3,0.6407322564390046,0.4652926875556117,0.26070263358483436,0.5347073124443886,0.2658323976190507,0.26887491482533854,0.27979068637870463,0.18550200117690735,0.09856510997616257,0.31941254781606737,0.30867475858786136,0.33078942303719944,0.32464174557726383,0.2205223543854846,0.2986428105342022,2.718817205762777e-06,TRUE,0.24389159000272803
29,P351,0.440182631587038,0.08398561399919435,0.06479557827168002,0.017721738222375567,0.17041868781351865,0.23809009149296595,0.14418511028742217,0.14526452720367958,0.00012251047133420465,6,8,3,6,2,2,2,13,1,3,2,4,7,4,3,8,5,8,0.5156642608082496,0.3114166565967595,0.23603762667627912,0.6885833434032407,0.4455984926025876,0.24298485080065474,0.2176242404297709,0.09379241616698869,0.24829811251547368,0.3157529102151674,0.4337284444712372,0.21066852015135037,0.21869584719210708,0.08052653792747858,0.12361387253400818,6.622187639686602e-06,TRUE,0.45154344003161095
30,P352,0.503851223956705,0.05579077215401378,0.019469263172974892,0.01219496124495346,0.0669977118349646,0.1353341183314401,0.11862451784137626,0.12033366382080851,0.0010602230661411482,7,4,3,2,2,3,1,10,1,6,1,8,1,8,2,2,8,2,0.5531740308934527,0.48034176044296445,0.3803902460502305,0.5196582395570355,0.28696286640853896,0.23269537314849684,0.25308244631212456,0.2272593141308396,0.0664357230563169,0.12519333180095624,0.13761617743631782,0.11265239494010379,0.12431798244587239,0.11286807594381573,0.1508531129450174,1.1979921651312413e-05,TRUE,0.06982137306132577
31,P352,0.45917541973458326,0.11348014694377277,0.06713825149961489,0.015431016887484805,0.06353882879125368,0.05234076873647438,0.1309381703048973,0.1934922466517493,0.008372749296724552,2,7,1,2,4,1,1,8,1,3,1,4,3,5,3,2,5,3,0.21085738014478844,0.5208954534376652,0.5940453859508752,0.47910454656233487,0.31055711729211116,0.16854742927022381,0.37080768919159596,0.15008776424606887,0.19509723390433653,0.11622011790030197,0.15139092491967235,0.08138337511057933,0.17947007077893598,0.07849559626906191,0.1791028728084559,0.0008252948432383512,FALSE,0.19472854689361208
32,P355,0.47422550091491744,0.005895138898483476,0.0,0.10267109310754402,0.6045746657326457,0.6850248475933445,0.6207101047546658,0.5064553882615154,0.0015228581000822352,4,3,1,2,0,3,1,6,0,3,1,4,1,5,1,3,5,3,0.5548204765507999,0.48698912670183986,0.30322232637881147,0.5130108732981619,0.3268162638672654,0.18619460943089708,0.1810769520309822,0.3059121746708578,0.14195719707038992,0.611645506036058,0.7285261770170308,0.4772511390898881,0.4186403699474601,0.8689898444073626,0.39921021677538987,7.614290500411116e-06,TRUE,0.6612984763192632
33,P356,0.39432292098501776,0.09386648820570163,0.053485372995294406,0.007853955734640388,0.02194166008594503,0.02718980650248521,0.043795504294543756,0.062384267583027675,0.005304949833099979,2,5,2,2,3,0,1,7,1,2,1,2,4,2,1,1,2,4,0.2470038773352132,0.40112795206203733,0.40112795206203733,0.5988720479379626,0.2892997499520181,0.30957229798594466,0.2965732480412628,0.10455470402077462,0.35186817060274944,0.06631965558741873,0.061540886460827914,0.07150882578983815,0.06343941310050932,0.02331620697260236,0.05614230628074328,0.00011142817001031887,FALSE,0.13153135400761728
34,P356,0.41544144333881,0.06251839014843527,0.01934391743403405,0.012596953304397236,0.05450095314301853,0.08393433594191675,0.059785167141891894,0.0802836599471038,0.002433456496669884,4,3,3,2,1,1,1,7,0,4,1,4,2,4,1,0,4,3,0.4732099449625805,0.3394896978755204,0.3394896978755204,0.6605103021244795,0.30405598686718927,0.35645431525729016,0.12423869351685007,0.21525100435867045,0.18730035716189913,0.11665430317192052,0.10621267825725211,0.12733203718155706,0.04453230784489153,0.0745164220449165,0.12969609460364626,0.00015532701042573734,FALSE,0.12702194288751814
35,P357,0.5164038568942514,0.014652460974008208,0.0,0.005407455728861262,0.01726134631171572,0.0,0.034887826872597574,0.044675581994596515,0.0021769086431335754,2,3,1,2,1,0,0,4,0,3,0,3,1,3,0,1,3,1,0.0,0.7982459843777593,0.7993900372754998,0.20175401562224088,0.20060996272450024,0.001144052897740644,0.7982459843777593,0.0,0.20060996272450024,0.008639650025934108,0.01712046425904032,9.833236158245727e-05,0.06716344201206806,0.0,0.044827899905820166,1.4659317462178881e-05,FALSE,0.03761312546566476
36,P357,0.4865817583874064,0.03859289683464129,0.019928627083041286,0.0034161269660522397,0.012469880130544855,0.0,0.025161810285730613,0.03609056101601176,0.0004956434214138298,1,3,1,0,3,0,0,4,0,3,0,3,1,2,0,0,3,1,0.0,0.9125744047619047,0.972470238095238,0.08742559523809533,0.08742559523809533,0.0,0.9125744047619047,0.0,0.027529761904761838,0.0023683550121213685,0.0047514209024272945,0.0,0.05301001979132018,0.0,0.02977254474308417,0.0002033408908364433,FALSE,0.002814936663333172
37,P363,0.37324025596400356,0.17192451020247299,0.007124192702168408,0.2809813967346293,0.8416584191218947,0.9500338311730597,0.9844351221805274,0.8519318692397048,0.0012773120617170116,1,3,0,1,1,1,1,3,0,0,1,0,2,1,1,1,1,3,0.5609739354901637,0.5793598736087999,0.3687714341340472,0.4206401263912033,0.20759706888529908,0.2130430575059045,0.27626294123840406,0.3030969323703956,0.07025463037579015,0.703649220898744,0.7411054978978212,0.6706216978108952,0.9934084769008376,0.9763962675498481,0.21890884892002263,8.459020276271403e-06,TRUE,0.43107513547595827
38,P363,0.42158924957497074,0.004840229098111659,0.002904137458867029,0.11237902460623722,0.7866025681573806,0.8746717616142774,0.8399712406368958,0.7108644913131913,8.434014379994402e-06,1,7,1,4,2,0,1,7,0,0,1,0,6,1,1,6,1,7,0.5548902287253664,0.5333017512288869,0.3255768190369372,0.4666982487711113,0.22699467445149515,0.2397035743196153,0.29004372591669675,0.24325802531219,0.1195329522376942,0.7334523055626389,0.7167857317416316,0.7499658237721072,0.9087953762845424,0.7704062467768598,0.34311089245765775,4.217007189997211e-06,TRUE,0.6684960519438788
39,P364,0.4584800599503654,0.07538276445208442,0.03680607775272281,0.011242084584740207,0.06220757319129784,0.10857239714799763,0.031491577462928896,0.044460420783241326,0.002650360880746565,2,6,1,2,4,1,1,8,0,4,1,4,3,4,2,1,4,4,0.6005893168044012,0.17563555013219453,0.18543827537116142,0.8243644498678055,0.48093946579664926,0.3434249840711567,0.09121802330914305,0.08441752682305145,0.21397240782443744,0.14875629635331933,0.16893957220295477,0.1274352560328969,0.03208526639036122,0.030874274873767964,0.06424398494199413,0.0003072882180575728,FALSE,0.15107012467198377
40,P364,0.3871232215996609,0.024754974015089845,0.0,0.06500476128105005,0.1792294866666429,0.1937733532762854,0.03637200698180515,0.04412420849208362,0.012740409293171022,3,1,0,1,0,2,1,3,0,2,1,2,0,2,1,1,2,1,0.4948628537960441,0.09368097644978217,0.08094174880647691,0.9063190235502177,0.4489602712677513,0.45735875228246725,0.025735375916493993,0.06794560053328817,0.4241953973974796,0.355113472193285,0.3581972247438189,0.352137556873385,0.01990986910507719,0.05295672679061659,0.01851454442257502,0.0030443878833362244,TRUE,0.5735473141271559
41,P365,0.5292126112047733,0.0570775556950425,0.04131686938976572,0.00514290613312186,0.033437463161617366,0.03611552537420989,0.038948466817688904,0.05332338939885686,0.0011080985500412591,5,5,2,6,0,3,1,11,0,5,1,5,4,5,1,4,5,5,0.3182363686231547,0.34767659929151895,0.34767659929151895,0.6521150239633259,0.14052869143139393,0.5115863325319319,0.0981359914797829,0.24954060781173623,0.3338786553401709,0.07452726576442638,0.03196481104788363,0.11750709478616944,0.021679051020614584,0.05671617415681717,0.0875703681294605,1.1788282447247455e-05,FALSE,0.1423895784655727
42,P365,0.43956296065091066,0.06896286493115154,0.05036125157122486,0.009230460054415038,0.048410833539450894,0.031013093203814037,0.04712177486211472,0.06225104930933368,0.002637274301261439,7,2,2,2,0,4,1,8,1,6,1,6,1,6,2,1,6,1,0.20944457097530766,0.32097107948538306,0.3099145871713281,0.6790289205146168,0.20341853722028452,0.4756103832943321,0.16104941055809505,0.15992166892728807,0.48064084185336414,0.10088688293567112,0.05919920937628929,0.14436817184780812,0.04542416756315254,0.04896460073224783,0.19785861395385973,0.000655453870887953,TRUE,0.2655133227475353
43,P366,0.398130034886399,0.12189391793283277,0.09478215949790411,0.0032523320348619485,0.009604441607940623,0.034075007983383254,0.023281969023560577,0.030533441975946925,0.002227052212993666,4,7,1,6,1,3,3,11,3,4,3,4,4,4,5,2,4,4,0.4752290779068884,0.32697105788423136,0.32697105788423136,0.6730289421157685,0.12131843683294234,0.5517105052828261,0.07833087208188816,0.24864018580234334,0.19779986420888,0.0483914610779498,0.017184271277506553,0.0805633562733476,0.010880667945210804,0.03632502024084194,0.0978828031459398,0.00011603879266099324,FALSE,0.059997678166313226
44,P366,0.45049017037884576,0.0584355301051352,0.022906919371628802,0.004254681020983949,0.01690363844976164,0.023779791585373345,0.016195023532812547,0.021410312602598916,0.0012938415235942994,4,2,2,2,0,2,1,6,0,4,1,4,1,4,1,0,4,2,0.4655416266960592,0.3199453551912568,0.3199453551912568,0.6800546448087431,0.11802850196890505,0.5620261428398375,0.12314155567306118,0.19680379951819563,0.2145130181126838,0.035024107117775614,0.012168762588093088,0.05783675093713707,0.012418328122476199,0.020001060588220012,0.06886674872752895,0.00033479457214299907,FALSE,0.04611369101496175
45,P368,0.45540694347802485,0.043517866123791805,0.02682764630748684,0.008385359939429455,0.08661015009319506,0.09540138142476245,0.0347430719146977,0.02946799399310201,0.001107713940028122,11,3,5,2,1,5,2,13,1,10,1,10,1,3,2,1,11,2,0.43604991843836116,0.16107338980119576,0.10091299248397739,0.8389266101988039,0.4279148599323305,0.41101175026647413,0.09143374673321286,0.06963964306798286,0.4630370890776625,0.18489280404494843,0.20161990940343438,0.17019235642912528,0.041562894104828725,0.02858487527397829,0.025489867633646423,7.357509564762423e-05,TRUE,0.39296551005440394
46,P368,0.4592276410971212,0.053662791015757584,0.03497960848145146,0.0025487053211918484,0.02097193830143097,0.03859782888507128,0.03404865088337004,0.03444285212076523,0.0004599516818435233,11,13,5,6,7,6,2,24,2,11,2,11,11,3,3,2,11,11,0.3137866181079256,0.27897615069117426,0.21175755734467575,0.7210238493088258,0.2847397306854811,0.4362841186233446,0.13420482468781333,0.14477132600336085,0.4744558245473986,0.08841805651561503,0.0655306704273432,0.11452301627709364,0.030544718133820495,0.038100318637044064,0.02987694370708205,4.645976584277932e-06,FALSE,0.2291568924353049
47,P370,0.4791112090012179,0.0826304223521044,0.04645426490721056,0.009354981635562159,0.09799569242081103,0.08949339165619719,0.22675003917006822,0.27263614606476216,3.12143419496478e-05,4,15,0,7,6,3,1,16,1,4,1,5,10,4,2,9,5,11,0.29820300668112637,0.7502885204758305,0.658520426231857,0.24971147952416695,0.11977221754517675,0.12993926197899033,0.3692131913376305,0.3810753291382019,0.04327656708701678,0.07405324724800413,0.06749011265734388,0.08134473776871598,0.20679156831790596,0.2501408593639233,0.2234621833960798,3.468260216627538e-06,TRUE,0.0463630847630576
48,P370,0.5175191833108035,0.06972032148678572,0.002949212909800975,0.05670822632756117,0.22131554966448214,0.21731418097080657,0.2935708267010788,0.32101988063943493,0.00257780355121089,3,2,1,1,0,2,1,4,0,3,0,4,0,2,1,0,4,0,0.478603876068065,0.6472697352590386,0.5213961239319493,0.3527302647409761,0.17740494711340754,0.17532531762756823,0.34182460868866876,0.30544512657037065,0.0,0.1600616385801649,0.16207017474327445,0.15807932336015862,0.3069713969759524,0.279896889915581,0.22423168271911625,0.0003617485433407884,TRUE,0.0
49,P371,0.5450689679729671,0.009130727682840694,0.0,0.0021959219318020274,0.008887771888137455,0.0,0.035126963845663085,0.05416225741499248,0.0014508316578322074,7,2,3,1,1,4,0,9,0,9,0,9,0,9,0,0,9,0,0.0,0.8998073217726398,1.0,0.10019267822736029,0.0734104046242775,0.026782273603082787,0.27723658597115175,0.6225707358014879,0.0,0.004010436500838698,0.005814384823047631,0.0021673182868197976,0.021005015298449187,0.05013749665578039,0.16746701809150208,0.000529306037896788,FALSE,0.0
50,P371,0.5428486682010998,0.00633168330387467,0.0015237235899149095,0.0008793437357308179,0.007878320290973219,0.0,0.04450005642714525,0.06948927233132007,3.526948087732803e-05,18,17,5,6,11,13,0,35,0,25,0,27,8,27,0,9,27,10,0.0,0.7335625268586164,0.8592264177059555,0.2664374731413836,0.2134364704197105,0.05300100272167316,0.3010055825925121,0.4325569442661045,0.1407735822940447,0.016644817474571354,0.027140348796097467,0.006508734974194783,0.037177109715833434,0.0515685417974918,0.31652486474290453,4.408685109666015e-06,FALSE,0.036087853348135614
51,P374,0.5075433765998671,0.05110095585650058,0.0218696000963611,0.007546993866507034,0.027963193026047047,0.0016322659493489952,0.14858468652440793,0.23888022715656546,0.003838622054705101,6,9,3,5,4,2,0,14,0,7,0,7,7,6,1,4,8,7,0.0076994392902138605,0.7105102738830624,0.8298989293178005,0.2894897261169376,0.15492845470126357,0.134561271415674,0.24119190424135845,0.46931836964170404,0.16240163139198566,0.0618217417137146,0.06648105853403821,0.05720565079329861,0.10081089024696238,0.19642211987640873,0.464745845070316,1.2633972752732063e-05,FALSE,0.12753788999753132
52,P375,0.48941184148030203,0.017577936713293236,0.0035235116808814498,0.011003201875496589,0.054010998088314964,0.07999854277571258,0.12306810887761722,0.13368575766148094,0.0019234854027518813,8,3,2,2,1,5,1,10,0,7,1,7,2,7,1,2,7,3,0.3628633037181876,0.5535393067392332,0.4473599542415907,0.44646069326076804,0.19491721423889832,0.2515434790218701,0.25455012312365427,0.2989891836155789,0.1897767420402223,0.09725891386196421,0.08201849757431201,0.11361845121760693,0.10808190576131475,0.13954050361026804,0.2825518690817472,0.0003579492262789807,TRUE,0.15735589854085125
53,P376,0.3828793254041474,0.08188457166802439,0.0239658789450712,0.08256220293973375,0.7224539503729638,0.9788925955436215,0.8190566735817724,0.6094895019510393,4.2624448165626304e-05,7,3,6,1,1,1,1,9,0,6,1,6,2,2,1,2,7,3,0.6553366966915004,0.5496647745256387,0.3005742071496997,0.4503352254743613,0.21068426506770047,0.2396509604066611,0.2598318485361171,0.28983292598952176,0.044089096158800495,0.6674681220731513,0.6551127951178037,0.6787214944916931,0.845122341345177,0.7970191548993836,0.1718317485982575,6.089206880803704e-06,TRUE,0.2407110333631113
54,P378,0.4407679233758357,0.038851175815813904,0.0,0.07626655027786831,0.17823928062156394,0.28109599244189726,0.32909745872236273,0.32091110869805417,0.06339253417675361,3,2,1,1,1,1,1,4,0,2,1,3,0,3,2,1,3,1,0.4590644546291014,0.5407491541813632,0.40945838053309386,0.4592508458186379,0.21072719641612447,0.24852364940251234,0.2607768267596408,0.27997232742172246,0.13147716483780478,0.2809132563345976,0.24657747644417494,0.3185217042196014,0.3107558872329387,0.3482423382009575,0.407293483189056,4.185213640209166e-05,TRUE,0.3563752691602275
55,P378,0.4041677001795273,0.10101686105932037,0.0,0.08775909528669382,0.20222369158676978,0.2617449107854123,0.3551059024423149,0.4101500955324939,0.07440275122540228,2,4,0,1,2,1,1,4,0,1,1,1,2,1,1,3,1,3,0.37118025367024743,0.504822668213494,0.42382146696012774,0.4951773317865068,0.22027361796315492,0.27490371382335227,0.2342286760218232,0.2705939921916687,0.2049982793696255,0.3469824991968553,0.29517910442728357,0.40376022936487743,0.31377785081394766,0.40080144515062566,0.46888694936448416,7.187109200937112e-06,TRUE,0.5160100424342107
56,P379,0.42661714034835,0.0009694862405009107,0.0,0.2976804981225344,0.8930272351347499,0.9722720211682104,0.8957412902707552,0.8045635368743301,1.0694424639954438e-05,1,3,1,0,2,0,1,3,0,2,1,2,0,5,1,1,3,1,0.5425063743549218,0.5052564129799525,0.3322625952696225,0.49474358702004717,0.25029503384140367,0.24444855317864386,0.2550330254698616,0.2502233875100908,0.12523103037545555,0.8903010758140981,0.9189907579879543,0.8627238140735872,0.9238937581351744,0.8687599961092406,0.3400218051849243,3.5648082133180975e-06,TRUE,0.8415026346580016
57,P379,0.4076202984126528,0.033169956265407086,0.0,0.2225563111500707,0.8813178197498742,0.9889327168346375,0.9262228688091811,0.79594200349988,0.004448267788987678,2,4,1,0,2,1,1,4,0,1,1,1,2,3,1,3,2,3,0.5547364327850958,0.5246573496596411,0.3298786683808999,0.475342650340358,0.2681364983371837,0.20720615200317455,0.24577385869268406,0.27888349096695686,0.11538489883400316,0.8536079892894209,0.9466489713115981,0.7572912945501414,0.8546729962826384,1.0000000000000002,0.5999978639334308,1.0889272433262275e-05,TRUE,0.7800703631959102
58,P380,0.5411300148182723,0.04424109615371183,0.025616270895231434,0.02492998529889263,0.38809547925318183,0.5186728904825548,0.326703565721061,0.25896470376218755,0.002340839776269736,9,11,5,6,5,2,2,18,1,12,2,15,1,15,3,4,16,4,0.5766239998488859,0.36348872021599105,0.2144681843865314,0.636511279784009,0.2725534194350117,0.3639578603489972,0.17057803485924866,0.19291068535674283,0.20890781576458314,0.5704179081131077,0.4731934802417608,0.6741445177311165,0.2943169243875646,0.36191862568120653,0.3248882077627899,3.7513457953041164e-06,TRUE,0.7239709402438836
59,P380,0.5472885592833044,0.032050153990303476,0.023170419274692523,0.02562719260717039,0.3193882091212462,0.37903034670050767,0.2165393818384601,0.18352162068632183,0.0007675194660734161,8,6,6,4,2,1,2,13,1,10,2,11,0,12,2,3,12,2,0.5672806865239614,0.32280933094621955,0.2056581488365662,0.67719066905378,0.3243063467358678,0.3528843223179117,0.12096622588014591,0.20184310506607295,0.22706116463947046,0.448217045468862,0.41662073104537856,0.48179721790169877,0.15297483090311906,0.28834482683190293,0.30590859618423527,1.1123470522803157e-05,TRUE,0.5907888771891536
60,P384,0.4222676983031668,0.11521531602587178,0.06975405158125703,0.020120838417761844,0.06620870814120493,0.03587970038386954,0.13108750436922867,0.1931523262509493,0.011215889334038855,1,6,1,4,2,0,2,7,0,1,1,1,4,1,3,4,2,6,0.12696099021029833,0.47007916275325373,0.5062776863961358,0.5299208372467463,0.2840710657323876,0.2458497715143588,0.26191712742367523,0.20816203532957864,0.36676132339356576,0.15080426439908273,0.16440329263661593,0.13764822483593075,0.15169915927258626,0.11194883874036403,0.19667886048533215,1.889787587875114e-05,FALSE,0.3900432560755669
61,P384,0.43897865052290314,0.12192153033615623,0.06518912038381461,0.017896760008338217,0.0477462006531601,0.09105860630055136,0.0686505223174905,0.09867655802212459,0.014874777895792187,2,6,0,1,5,2,1,8,1,2,1,2,5,2,3,5,3,5,0.3171181895984177,0.24477415329150357,0.2770844248241457,0.7552258467084965,0.437472390873369,0.3177534558351277,0.04725029945083261,0.1975238538406708,0.40579738557743683,0.22089124494136378,0.23763667077064227,0.20135645849985656,0.024246828450358148,0.12217041281925409,0.07418133937151028,1.4889667563355363e-05,FALSE,0.5847852649312278
62,P385,0.4427371305943431,0.14132636291619816,0.08848941294413869,0.0061302394252770705,0.010814403865574144,0.02603237652569969,0.0181458608573339,0.023751622584290012,0.007100947219061985,1,7,1,4,3,0,1,8,1,1,1,1,6,1,2,4,1,6,0.2643521209583766,0.18271862374560152,0.18271862374560152,0.8172813762543985,0.3691829743926229,0.4480984018617755,0.18271862374560152,0.0,0.5529292552960218,0.07918409095968103,0.0735676625962804,0.08449896432856845,0.03769460988765276,0.0,0.027334462010496496,0.00013422132457272846,FALSE,0.21742447966475312
63,P385,0.4443271332401905,0.14107553515151877,0.068382376307973,0.006816596412712755,0.032188260751961045,0.056886267143594536,0.02138663086867694,0.023787089352661814,0.0035661916489899354,2,10,1,1,9,0,1,11,0,1,1,1,9,1,4,7,1,10,0.3792146708549705,0.1419725710281467,0.11325232580216443,0.8580274289718532,0.7265836729984737,0.1314437559733791,0.12590403026700034,0.01606854076114635,0.5075330033428649,0.12810098394149466,0.2403893728193674,0.035761883199018726,0.04108350145077329,0.004496217436585105,0.037235259532970896,7.118147003971843e-06,TRUE,0.2658409300641414
64,P386,0.5322996991389062,0.0420886169571372,0.029610527271000105,0.0027930426509138063,0.02418250167361858,0.013013785019640125,0.04334202363267933,0.07469713822403364,0.001184407024048614,8,14,4,6,8,3,2,21,1,13,2,14,5,13,3,6,15,7,0.11039604947162268,0.37029143682809157,0.47407897312921393,0.6297085631719083,0.5390895951747107,0.09061896799719824,0.23745235619084884,0.13283908063724273,0.41552497739916316,0.07403378138354064,0.1304994431131517,0.020714233132177337,0.05775236157219689,0.029973307341560066,0.24287772901157811,1.0299191513466102e-05,FALSE,0.1872176437387298
65,P388,0.4530585809855723,0.05643128675181813,0.0,0.10187018949453122,0.328768510599991,0.5086577861968363,0.40691452311750836,0.3659054326522171,0.01434712157356979,4,3,2,0,2,1,1,5,0,2,1,3,1,4,2,2,4,2,0.49764782183688266,0.3988158802428478,0.2727487940234262,0.6011841197571521,0.34342856838660074,0.25775555137055145,0.21552256238732287,0.1832933178555249,0.22960338413969097,0.6114656362340214,0.7045579235044768,0.5199335731728745,0.4427910968838506,0.3715196783303259,0.3795209086740996,2.2505288742854447e-05,TRUE,0.9585974137280743
66,P388,0.44669074722539887,0.01642182805401918,0.01062789105624766,0.05943020162233025,0.6494474103974737,0.7986434422739026,0.5272408347032755,0.4089382926788127,4.069142875744675e-05,11,1,2,0,1,8,1,11,0,10,1,10,0,5,1,1,11,1,0.6096300276132822,0.39970668100430035,0.23240041627531538,0.6002933189957007,0.32597260145874546,0.2743207175369555,0.22662185354716513,0.1730848274571347,0.15796955611140304,0.7780173171929967,0.8669812366177947,0.6934605345307813,0.5969904827400674,0.4572877363157192,0.33576309605664856,4.069142875744538e-06,TRUE,0.7976468277566033
67,P389,0.3071086492936891,0.2788410204863839,0.22427769562190064,0.0028937013247848243,0.005198522730374893,0.010416707543663115,0.0,0.0,0.0028937013247848243,0,2,0,0,2,0,1,2,1,0,1,0,1,0,1,1,0,1,0.8982479784366576,0.0,0.0,1.0,0.6010780716339791,0.3989219283660209,0.0,0.0,0.10175202156334227,0.01187583607245347,0.01477850223803892,0.009163849226169663,0.0,0.0,0.0,0.0005888799191947551,FALSE,0.005559716832714871
68,P393,0.4340914939224585,0.024225990718457983,0.0,0.055747322827307384,0.22345349729952826,0.3348417766188173,0.14352911599421114,0.14078830714891077,0.002729318202999145,2,4,0,4,0,1,1,5,0,2,1,2,2,2,1,3,2,3,0.6005561207949144,0.2602575140829181,0.18795376385173856,0.7397424859170818,0.3505479743982735,0.38919451151880763,0.11141697627288186,0.14884053781003623,0.2114901153533466,0.41691066330596654,0.3724995411980776,0.46706701730505096,0.11402705292201434,0.1780041548247014,0.13909944544098382,0.0001642028837576723,TRUE,0.46070805460228537
69,P393,0.44025284946543786,0.132776733191147,0.00807235551742677,0.023723865594953757,0.05734988906012247,0.09812325906887406,0.09883833488272233,0.13966199682577043,0.008184463204126115,2,4,0,3,1,1,1,5,0,1,1,4,0,4,2,2,4,3,0.41355017541302586,0.41639945085254965,0.4808463341543712,0.5836005491474506,0.021162253232656764,0.5624382959147942,0.025357549082618207,0.39104190176993137,0.10560349043260346,0.13837940250377598,0.00927546929929974,0.29053583029686664,0.010653185122608357,0.2133744087406065,0.13774495968507044,0.0018050129837125265,FALSE,0.13665021206388556
70,P398,0.517389069058596,0.01410709182707334,0.0,0.004066505885128582,0.015348520198180724,0.0,0.03265065613629467,0.04522486741977857,0.00044564448056203616,4,0,3,0,0,1,0,4,0,4,0,4,0,4,0,0,4,0,0.0,1.0,1.0,0.0,0.0,0.0,0.8392700105275072,0.16072998947249287,0.0,0.0,0.0,0.0,0.05815552645193253,0.009924188777735552,0.05537206698702951,2.6214381209531464e-05,FALSE,0.0
71,P400,0.4414805715098659,0.02065344460302661,0.0,0.13816705057104048,0.6814209009847721,0.832187928005181,0.6437905894571337,0.47022721007603724,0.0038283425764665292,4,2,1,2,0,2,1,5,0,3,1,3,1,4,1,2,4,2,0.6006151044035389,0.4738877999074999,0.2675643204652311,0.5261122000925037,0.27591913645530297,0.2501930636372007,0.24360997646348626,0.230277823444014,0.13182057513123402,0.7395103891509208,0.7306029518315237,0.7495890102908133,0.612654084720356,0.6803705280468809,0.41487346189996144,8.025875422361814e-06,TRUE,0.8407875052635199
72,P400,0.4491909330819982,0.3961792523695783,0.0,0.09492387800017589,0.6627531292875565,0.7926992429509748,0.6822152343631257,0.531220431497261,2.0117567061910002e-05,1,7,0,4,2,1,1,7,0,0,1,0,6,1,1,6,1,7,0.5944982695537329,0.5183702316230199,0.3111197218292696,0.4816297683769799,0.24979139493882796,0.23183837343815236,0.22700385156065514,0.29136638006236454,0.09438200861699916,0.6463688649051926,0.6520724781002972,0.6403342015792789,0.5808512556301193,0.7895647974986391,0.48198764354224716,8.047026824763842e-06,TRUE,0.5573896897027638
73,P400,0.40222047104431274,0.0490077217273089,0.0,0.1742067585561068,0.6618161333274809,0.8005460691321505,0.6707289037486561,0.5709063322538268,0.017071975183998358,3,2,0,2,0,2,1,4,0,2,1,2,1,4,1,2,3,2,0.5735615699769131,0.48716395964507375,0.3241223956133709,0.5128360403549269,0.2573145893434453,0.2555214510114801,0.24486364239948724,0.2423003172455864,0.10231603440971536,0.7235719166025607,0.726863658882024,0.7202870666814488,0.6647175636452339,0.6769153153045823,0.44571981107933534,0.000866950528949563,TRUE,0.6781268079968548
74,P401,0.3466891314404029,0.0438303110559653,0.0,0.16840349556693412,0.49042182149710045,0.47490536979063586,0.5185694906645905,0.5092375856741174,0.011412185012032349,2,2,1,0,1,1,1,3,0,1,0,1,1,2,1,3,2,2,0.4685311978202754,0.5106379860310885,0.39544557044631495,0.48936201396891116,0.24295510349749144,0.2464069104714201,0.24766183690568705,0.26297614912540185,0.1360232317334095,0.49198529124083556,0.4777820326841198,0.5068413412820509,0.514480599778576,0.5224801414421778,0.1611376801064489,0.0033764801916695815,TRUE,0.6290073055497906
75,P401,0.3831108578851314,0.07195944990472601,0.0,0.19312467183392007,0.5374436312560067,0.6100831668936519,0.6147112635056305,0.5691689277846704,0.0377933591506446,1,3,1,0,2,0,1,3,0,0,1,1,1,3,2,2,2,3,0.5235994775698712,0.5251488850101755,0.37771946463014255,0.4748511149898243,0.2068379342409958,0.26801318074882907,0.24122685389237955,0.28392203111779435,0.09868105779998593,0.5447420275154778,0.46911728847715595,0.6221430592600925,0.5516344795736625,0.6808567888568627,0.4786958362676124,0.0041370250951089284,TRUE,0.4834352368718261
76,P402,0.3623301905046023,0.0430482336695835,0.0,0.23635104345494146,0.6950974616266626,0.9189552063332067,0.6790626185966934,0.466370975050458,0.013942999043438053,2,2,1,0,2,0,1,3,0,1,1,1,1,2,1,2,2,2,0.6470110254568657,0.4872420773660707,0.2664972948030274,0.512757922633929,0.261719482848249,0.25103843978568036,0.23593504137074225,0.2513070359953276,0.0864916797401059,0.7401133630830407,0.7386588073471869,0.7416359183579316,0.6373223193875796,0.7235517392055283,0.2533584911864083,1.2669694723705362e-05,TRUE,0.641480167615846
77,P403,0.47954251382184365,0.09726369152704482,0.0,0.0903073808298457,0.35731625608110074,0.4345764482046331,0.5188815181040508,0.37759252358175793,0.0019517784488702033,2,3,1,0,2,1,1,4,0,2,1,3,0,4,1,0,4,2,0.6001586303305926,0.7092037128752195,0.39091381182290447,0.29079628712477906,0.12905352373288798,0.16174276339189117,0.27604061415756914,0.4331630987176509,0.008927557846503453,0.20748490594122762,0.18498305625598413,0.22978763067869082,0.4131300438068537,0.620022908818469,0.3877525720470884,9.71034054164283e-06,TRUE,0.02536066653941272
78,P403,0.4564112453820677,0.09083633638131196,0.018976124431811448,0.03733050700513241,0.28457397003745255,0.39207084391594516,0.4318300859938763,0.30863541685985973,0.0020950374531835186,4,6,2,3,2,2,2,9,0,3,1,3,5,4,3,2,4,6,0.5822856320928489,0.6335658219949398,0.3360433167887323,0.36643417800506056,0.17740396107666734,0.18903021692839328,0.34031668884476296,0.2932491331501783,0.08167105111842143,0.24279204162087625,0.23693965457162228,0.24855370132332258,0.46942656713077874,0.3951068763328653,0.2991393051311351,0.00044085518102372014,TRUE,0.20288368987203131
79,P404,0.30019514421831894,0.10706719951202091,0.08376361064791481,0.006426195829862393,0.010359578852429236,0.011912453134338868,0.026156436801504125,0.035788698260258815,0.005950181323946661,2,1,1,1,0,1,1,3,1,2,1,2,0,2,1,0,2,0,0.30864197530864207,0.6913580246913581,0.6913580246913581,0.30864197530864207,0.0,0.30864197530864207,0.37791280971664404,0.3134452149747142,0.0,0.012132457909960644,0.0,0.024822580474132445,0.02829375514352193,0.02397304446524242,0.07416694237244018,0.0029688273132112814,FALSE,0.0
80,P404,0.5978554336852925,0.023602131921846143,0.0059451706839761635,0.008567107983828658,0.06481344319970374,0.11620476248410586,0.11717096812455927,0.1721882889900951,0.0005508749189889841,7,10,3,4,5,3,1,15,0,14,1,14,0,11,1,0,14,1,0.4496013146473396,0.4614493838343625,0.49564121037463965,0.5385506161656375,0.2946633096587377,0.2438873065068998,0.23109929083513306,0.2303500929992294,0.05475747497802062,0.14012190993763768,0.15016054368376924,0.1296499494604304,0.11687882036553965,0.1174655373890301,0.30182799624603124,4.629200999907313e-06,TRUE,0.05294809864381412
81,P405,0.5011731997912308,0.03867046799950422,0.01352701153618685,0.047004661074302984,0.39275190798629755,0.5258861748544332,0.42312668291175265,0.3656994096674544,0.011725569272310185,6,7,3,2,3,2,1,10,0,5,1,7,2,8,2,4,9,4,0.5591394959717599,0.4495076258704001,0.30025355665741443,0.5504923741296003,0.30642867002280394,0.2440637041067964,0.2770569987524994,0.1724506271179011,0.1406069473708266,0.5168452479472664,0.5688564732323541,0.46362384231458487,0.5416288808304351,0.3130786298509963,0.5546813097625252,1.7353217807177772e-05,TRUE,0.5782095560306941
82,P406,0.4504033665401745,0.016834625936337097,0.0007879780272616969,0.10619673761798051,0.5076111070752001,0.684529384494267,0.41504234691541486,0.2821107913040386,0.00867006800820345,4,2,3,1,1,0,1,5,0,3,1,3,1,4,1,3,4,2,0.644292945369661,0.39659639023574245,0.20035040376246838,0.6034036097642586,0.31006735841830985,0.29333625134594804,0.20867584586020949,0.18792054437553293,0.1553566508678708,0.6504012263604692,0.6521916615505378,0.64851932612063,0.42220273203907444,0.4073704495300284,0.18518134132220257,0.00012852823988957778,TRUE,0.6699487817549139
83,P406,0.4171865013191448,0.046536954876526204,0.0,0.24706267205597426,0.7137706903982575,0.8397726666923411,0.7020512351638466,0.5326756144863494,0.019493529336392975,3,1,1,1,0,1,1,3,0,2,1,2,0,3,1,1,3,1,0.5644894792139773,0.47008087891350253,0.2649758953924434,0.5299191210864971,0.27443806481320837,0.25548105627328926,0.2510156044181599,0.21906527449534285,0.17053462539357958,0.7797476932878993,0.7844450067721263,0.7747641047499371,0.7381558811998334,0.6647924844787927,0.3852896728472352,0.00792379643327238,TRUE,0.9497950543149708
84,P408,0.44259877460340447,0.01777842757657129,0.0,0.18264477896983647,0.7146829186092228,0.8990459279729225,0.713637437662791,0.48753591885775854,0.007847794512963307,2,3,0,2,1,1,1,4,0,2,1,2,1,3,1,2,3,2,0.6131983861917403,0.4890486833453531,0.2551105120609203,0.5109513166546487,0.2340116825456257,0.2769396341090214,0.2897493157568096,0.19929936758854372,0.13169110174733936,0.7475654873798906,0.6745438188175524,0.8228326466067547,0.835736372210743,0.5886144225533728,0.33665846513000897,0.0002006082441964038,TRUE,0.8056595031286055
85,P408,0.36004947832480344,0.013882287172084683,0.004348216539809667,0.22475050654969306,0.6706733723447429,0.9559631635389758,0.7035155132058015,0.3321128024014533,0.00356869381079778,2,2,0,0,1,2,1,3,0,1,1,1,1,2,1,2,2,2,0.7057699286769105,0.5292613678907028,0.1878000340374755,0.47073863210930883,0.2554019781124734,0.2153366539968353,0.23199571369499133,0.2972656541957105,0.106430037285625,0.6441268912411392,0.6971263460964262,0.590849486081106,0.6316472369824029,0.7720732305739894,0.2224707470696672,9.453493538537176e-06,TRUE,0.5933417455020448
86,P408,0.4981680972406775,0.01969478344519795,0.0,0.11304711959289293,0.6651528913109289,0.8088579035711789,0.6624967087858455,0.45102060525701193,0.003048430371553547,4,4,2,1,2,1,1,6,0,5,1,5,0,6,1,1,6,1,0.5943067384112762,0.49617013568441426,0.25571426432095606,0.5038298643155866,0.2524932679019447,0.2513365964136422,0.24512753935069503,0.2510425963337191,0.14997899726776862,0.6945816298145672,0.7058058400559278,0.6836595708437426,0.6661198111213802,0.6589968038610208,0.35748806701375185,0.0007969070263536121,TRUE,0.8689626899483482
87,P409,0.5166427893280284,0.056802057431451364,0.03440550719016805,0.005973338620656845,0.0864872180341116,0.16858324892210505,0.13096036965902863,0.13194241577664145,0.0024653154982022217,15,18,7,7,9,6,4,29,2,19,4,20,5,13,4,3,20,8,0.4844243125122462,0.38001796549208544,0.306803399627343,0.6199820345079159,0.23479598257656029,0.38518605193135635,0.19216658017627644,0.18785138531580897,0.20877228786041369,0.21594638792235035,0.15177849530610776,0.2909183225014146,0.12169889230534588,0.14201630008329932,0.09857388827521381,3.6577381278965607e-06,TRUE,0.3637188965780563
88,P409,0.5215045309976482,0.047293247071203866,0.031698020688162375,0.0020618712261993434,0.027169235763792064,0.08755286749052056,0.032995202365586125,0.054629680389870934,0.00031852108211412154,19,22,8,6,16,11,6,41,3,28,6,28,7,22,6,6,30,10,0.5171143606679143,0.19636258242156376,0.2589343634711061,0.8036374175784361,0.37503022467031005,0.4286071929081261,0.08030838755064829,0.11605419487091541,0.2239512758609797,0.1367211023106893,0.12291852008152127,0.15161818120936807,0.025758959172377943,0.04095704345751029,0.16859412703005558,3.0627027126357567e-06,FALSE,0.18929861797538808
89,P412,0.5153980217935445,0.04888036451967195,0.025176242633993404,0.0041806036850602964,0.05809252596651368,0.14968590973827847,0.10828471044453895,0.12160242949304606,0.00046084999809303497,11,28,4,14,14,6,2,38,1,18,2,18,17,9,4,11,20,19,0.4691321143936628,0.34608590833261277,0.29210561353849207,0.6539140916673871,0.3627092507793287,0.2912048408880584,0.14663010627262701,0.19945580205998595,0.23876227206784517,0.21103120335049638,0.22658074723283744,0.19441314366414494,0.08901392254480052,0.12878069424903982,0.10356029344595459,3.1782758489174804e-06,TRUE,0.3147871724102259
90,P412,0.5165841390214994,0.0328493170235801,0.013780887844640292,0.0025432753006130447,0.05142182599809722,0.10029726247760026,0.10417439355516601,0.10407272355352296,4.580852038479174e-05,20,22,7,12,10,12,1,41,0,21,1,21,19,15,2,17,21,20,0.48016121926565464,0.4983275532628083,0.36557177615571773,0.5016724467371911,0.3084955544307725,0.19317689230641877,0.18458177540750684,0.31374577785530117,0.15426700457862752,0.10437370490205557,0.12731703042919498,0.08104920417190951,0.07561360499394486,0.13393795021562757,0.12474413334408316,3.5237323372915387e-06,TRUE,0.1195818327278372
91,P413,0.5250118634569184,0.03711183022368889,0.004584087462587164,0.015265628555983976,0.17632859222565112,0.22115574054621837,0.24318904464643554,0.2172114519600712,0.0012470076107505786,10,5,6,2,2,4,1,14,0,10,1,10,3,11,2,2,13,3,0.514462314597686,0.5778106231103823,0.39878556889167316,0.4221893768896184,0.28051376064147143,0.14167561624814715,0.18393542224428586,0.3938752008660967,0.08675211651064085,0.18331571470636304,0.24574261840250025,0.12196819860523538,0.15824850138200178,0.32453693501524056,0.15314563894249233,2.8601091989692446e-06,TRUE,0.1678417299439244
92,P413,0.48281912408675687,0.04652866146461932,0.02834010746796923,0.003120793203718587,0.018227086020043824,0.04365895341825725,0.05471432550835422,0.06337167843858955,0.0007658160914205392,11,7,6,2,5,4,2,17,1,12,2,12,3,8,2,3,12,4,0.4092530255496049,0.5222852360738726,0.46966193838655274,0.4777147639261275,0.26170731528801056,0.21600744863811686,0.2634300244014401,0.25885521167243236,0.1210850360638424,0.05134936064767904,0.05614298466331795,0.04653543494587762,0.05529345157982245,0.054137287701624355,0.09823866981380117,6.630442349961372e-06,TRUE,0.058670541973741726
93,P414,0.5553300302965479,0.016949507730554782,0.0,0.03805434753429443,0.28761643982711915,0.3451864168039632,0.2533771659422723,0.2311023479355457,0.0021878607285710457,5,5,2,2,2,2,1,8,0,7,1,7,0,8,1,1,8,1,0.5666702522820803,0.4174197339009042,0.2850500894833439,0.5825802660990946,0.2582977784392079,0.32428248765988643,0.2028564532546148,0.2145632806462884,0.1482796582345741,0.35580650343662124,0.3117254607224305,0.4009701267230952,0.2431214676863255,0.2639020700997257,0.33663822890783,0.0002718047837641945,TRUE,0.3619191738318293
94,P414,0.5431895406056518,0.018732427420493088,0.0,0.03927395032993446,0.2628535442720189,0.35869836554214946,0.26364436798845725,0.2610828981556839,0.00446358286562871,8,4,4,2,2,1,1,9,0,8,1,8,0,8,1,1,8,1,0.5054313416676773,0.36270872082286376,0.25635315219877464,0.6372912791771365,0.340514555684098,0.2967767234930388,0.18302604294822922,0.17968267787463454,0.23821550613354878,0.4384890726129633,0.4587761491095256,0.4173157387984891,0.2620769553903335,0.2652603387442083,0.33555151669595823,0.00048507954879091806,TRUE,0.543653530756431
95,P415,0.24787236378822072,0.20671089934559386,0.1848207472552732,0.0398043538164783,0.21300633783411368,0.2932331275551584,0.06750439282173955,0.036192046594421885,0.006923394874621104,4,3,3,2,1,0,4,6,3,1,4,2,0,1,5,1,3,1,0.6130364935008514,0.1415279775628955,0.055237974933373304,0.8584720224371042,0.5423753893848801,0.3160966330522256,0.09315520097677761,0.048372776586117903,0.33172553156577683,0.41063971691330886,0.5382590415137136,0.2918915846606385,0.09707968855587663,0.04254422760770391,0.06945162468038064,1.3777900248002208e-05,TRUE,0.5816795939803746
96,P416,0.33711442256337115,0.21849388065887615,0.08232552763675413,0.1142967054816429,0.2507845120464745,0.42425991526169854,0.551413413586387,0.5356465033764863,0.09072892623425571,2,3,0,2,1,1,1,4,1,0,1,1,2,2,4,2,2,2,0.46233413535741974,0.6113337332242971,0.4514278458541374,0.38866626677570293,0.20525603903644304,0.18341022773925997,0.3071223655236462,0.3042113677006503,0.08623801878844287,0.36033564669430695,0.38173399002846375,0.3390652773753467,0.5572778689658017,0.545616730278918,0.4588636257751731,0.024944457411585703,TRUE,0.338486947082088
97,P417,0.423842442267525,0.14818384187801414,0.0,0.06465227817745801,0.29936118332224965,0.5057618616116668,0.23288542270086787,0.13431123302682435,0.006573564677669628,2,4,0,3,1,1,1,5,0,2,1,2,2,3,1,2,3,3,0.7779749080657328,0.3608378548326756,0.15471339265553807,0.6391621451673247,0.3005620468009328,0.3386000983663918,0.16343103034421827,0.19740682448845764,0.06731169927872958,0.41395183177101363,0.3892562090331436,0.4386551157906631,0.20754112073752676,0.25907805598717126,0.16841142138015794,0.0032887975334018487,TRUE,0.16688329066209734
98,P417,0.44801225418933616,0.02660552147319329,0.006156396668954733,0.0378242330925027,0.2970555489754829,0.39983108591030814,0.1696984665713402,0.10978697039136232,0.0005851000829089182,3,6,1,3,3,1,1,8,0,2,1,2,5,2,1,6,3,6,0.6602696224677611,0.27947224139417315,0.13338256793383088,0.7205277586058267,0.31181547072307164,0.40871228788275504,0.13264693272457767,0.14682530866959564,0.2063478095984064,0.43460680677498503,0.370466022956015,0.500750288480485,0.15989027917616425,0.179654857674737,0.06594077752875328,1.8950609972758467e-05,TRUE,0.4706123726420464
99,P418,0.25372874760963365,0.4118571821961358,0.0,0.13519371159468485,0.269907739710439,0.4226098934872894,0.21675017383973044,0.09829778784043283,0.13519371159468485,1,2,0,1,1,0,1,2,0,0,1,0,1,1,1,1,1,2,0.7776637243408706,0.3987093092573321,0.1320997234669668,0.6012906907426687,0.3553582986439162,0.2459323920987524,0.20654692927769003,0.19216237997964203,0.09023655219216345,0.32346429051338865,0.3850088725417633,0.2627702544803233,0.22746076938764,0.206308397293559,0.05117970504267208,0.0004796834789306914,TRUE,0.1754283130278872
100,P419,0.4617020165703314,0.008487272721583533,0.0,0.08025672760705795,0.39028254181548,0.4255800728447494,0.3644036040874543,0.30028585795919516,0.0023126701792849824,3,3,2,1,2,0,1,5,0,2,1,2,2,4,1,3,4,3,0.5290180332915561,0.4577029582422594,0.27343496053443067,0.5422970417577426,0.2536572254678732,0.2886398162898691,0.20151235455340588,0.256190603688855,0.1975470061740164,0.4387623339009586,0.4120742634271364,0.4652419413385035,0.3214181313974592,0.40724301160543147,0.25131244790178303,0.0001308391385834014,TRUE,0.5838212072956734
101,P419,0.4614163462875797,0.0068966864801449194,0.0,0.05153663472899776,0.24427052258449444,0.3195580861406218,0.20911229370117304,0.17894722408015853,0.00021408767065595038,3,4,1,2,2,1,1,6,0,3,1,3,2,3,1,3,4,3,0.5137802192331964,0.3400214803172946,0.21282079479719015,0.6599785196827055,0.3306176325385372,0.329360887144168,0.21882499763827223,0.12119648267902258,0.2733989859696133,0.4104542907853681,0.4272753364132449,0.3948504403574093,0.2895780388839433,0.13924949706433787,0.22304018659485197,1.4038535780718243e-05,TRUE,0.6258155233946696
102,P420,0.5076447796500525,0.05298489968293617,0.024132319967744852,0.007617621699329391,0.07720438015853535,0.16692893079559004,0.20329851042274896,0.2621186196205995,3.940041326655695e-05,12,17,8,11,6,3,1,28,0,11,1,13,14,8,3,13,14,16,0.3895855840730954,0.4775702674400998,0.475485463506583,0.5224297325599004,0.24003914142036675,0.2823905911395349,0.21033251980571116,0.2672377476343881,0.13492895242032188,0.22333034618372896,0.2047355007538796,0.24201446329923218,0.1774848207162397,0.2295787402983819,0.2454342288497373,2.9185491308560443e-06,TRUE,0.24962448984249044
103,P420,0.49778661115424655,0.023810033369566923,0.0021986172907621925,0.018902830942209202,0.15807583208848755,0.22523933174282337,0.29865450642473396,0.40390864052365444,4.699642491481904e-05,2,17,1,9,7,0,1,17,0,5,1,5,11,4,1,12,6,12,0.35023099218358633,0.4635045014920836,0.45069041819325534,0.536495498507917,0.3166461468809554,0.21984935162696181,0.2350573582405947,0.22844714325148918,0.19907858962315853,0.34392625240399566,0.38704702674229324,0.29637014618978613,0.28810740363284737,0.31034440657688717,0.21684203948737674,3.3568874939157212e-06,TRUE,0.45128307956775005
104,P422,0.255525876373462,0.20012604587510996,0.014736350464861053,0.3572720716269473,0.7138348866584059,0.9656504317052659,0.824348448159104,0.577525710338222,0.3572720716269473,1,2,1,0,1,0,1,2,0,0,1,0,1,1,1,0,1,2,0.6753763874110418,0.5793558859088704,0.29926057569924597,0.4206441140911277,0.1941595987776825,0.2264845153134457,0.29863476712815307,0.2807211187807178,0.02536303688971185,0.6037759742599164,0.5766276772367275,0.629170238251768,0.90097527499046,0.7559528780065244,0.39487023723889536,0.0007092565954886498,TRUE,0.13942161108000461
105,P422,0.07972285814246578,0.32605918424119834,0.0,0.7149921142963169,0.7149921142963169,0.9951963182173292,0.8758895785936701,0.571232239623104,0.7149921142963169,1,1,1,0,0,0,1,1,0,0,1,0,0,1,1,0,1,1,0.6925039166044034,0.6190529218853333,0.29909758055680663,0.3809470781146666,0.19308560092584118,0.1878614771888256,0.31646534036833857,0.3025875815169948,0.008398502838789871,0.5506238438151151,0.558109347013069,0.543136583794176,0.8830728645557402,0.8685008128524463,0.29556283246722403,0.7149921142963169,TRUE,0.04687459282828008
106,P424,0.49037029686071465,0.02574345078051812,0.02053301866552978,0.00029896720872729594,0.002768224142269943,0.0031339699561408877,0.00724137716311629,0.009599350405096414,3.1457092525794854e-05,14,14,7,4,10,7,1,28,1,15,1,15,12,16,1,11,16,12,0.1862212943632568,0.43632567849686843,0.440304676351731,0.5636743215031315,0.2701090878274042,0.2935652336757275,0.2947366317699436,0.1415890467269248,0.37347402928501205,0.009520825096118814,0.009080459857265641,0.009965495965071966,0.009790592887756425,0.004696083617570451,0.08503006051658162,3.4952325028660967e-06,FALSE,0.026355846473109047
107,P425,0.5108655726922073,0.021919996324686743,0.008941838677858395,0.03288328168806254,0.23766333841588366,0.32754312795784757,0.31772119416567773,0.4204995900756445,0.002921646746347941,7,7,1,3,4,4,1,12,0,5,1,7,4,6,2,5,8,6,0.4134319990758507,0.40617395972638354,0.4191326230196467,0.5938260402736167,0.3146630441148834,0.279162996158733,0.19362074821598535,0.21255321151039852,0.16743537790450322,0.47285980033383596,0.5187693087596844,0.42996996520799496,0.3180978048101007,0.31737890417645304,0.4485639191994246,3.279064810715891e-06,TRUE,0.6083137607924782
108,P426,0.31808698744824043,0.04399152483331012,0.0,0.4347362737742843,0.8530679381860757,0.9677539327369541,0.8450045144226119,0.7578299689394129,0.4347362737742843,2,1,1,0,1,0,1,2,0,1,1,1,0,4,1,1,2,1,0.5558198338052164,0.4948642553256246,0.3287756650923951,0.5051357446743758,0.25395412804777395,0.25118161662660193,0.2519618670146873,0.24290238831093702,0.11540450110238937,0.894857231858931,0.8941916992139337,0.8955311184826161,0.8618506941420565,0.8282120676344137,0.49156781148151385,0.016404609362492925,TRUE,0.813027079555049
109,P428,0.4990161365092192,0.06044168411627324,0.036300844570975876,0.006708928455550162,0.04854407167647133,0.02131132905106656,0.11146032114851392,0.1523072392930835,0.0007039653432446394,4,7,3,3,4,1,1,11,0,5,1,6,4,6,2,2,6,6,0.14361500824619072,0.7655259822560204,0.7822412707795569,0.23447401774397966,0.10283722559177653,0.1316367921522031,0.3770209948023451,0.388504987453675,0.0741437209742525,0.0350887374268459,0.03004444627143349,0.04038583635605159,0.10660362973702375,0.11661612094885784,0.2787302341209522,0.00010830236049917577,FALSE,0.04424862347630256
110,P428,0.5888475551209977,0.015778153475687298,0.004462765704600671,0.005626597548603117,0.02405330121207557,0.0,0.07924810439619749,0.11326609815157401,0.0006901051469296593,7,0,3,0,0,4,0,7,0,7,0,7,0,4,0,0,7,0,0.0,1.0,1.0,0.0,0.0,0.0,0.5487498791265052,0.45125012087349486,0.0,0.0,0.0,0.0,0.09179349731334376,0.06795416310793552,0.1216588422169965,1.882104946171827e-05,FALSE,0.0
111,P429,0.4098834461966865,0.20398890515026785,0.0,0.08718984063128883,0.4389399231941187,0.5095476802736963,0.629898947805977,0.5759098098711409,0.011447548407759611,1,6,1,1,4,0,2,6,0,0,1,0,4,2,3,5,2,6,0.48437364570963576,0.6131395659497227,0.41694812376117996,0.38686043405027787,0.23217900819127357,0.15468142585900435,0.3186873913607804,0.29445217458894174,0.09867823052918462,0.4123677934254075,0.4902362852142146,0.3329791862108258,0.6482966354102128,0.6111286051833136,0.43703551147994796,5.986428765987465e-06,TRUE,0.4164328450790978
112,P431,0.5367054437477674,0.011409010567641644,0.002642988609159623,0.057974379365678216,0.5118375167479295,0.6426164504390642,0.4550181632855321,0.35511381739935766,0.000553057668410688,7,4,4,1,2,2,1,9,0,8,1,8,0,6,1,2,9,1,0.614370811844283,0.44233803991577353,0.2626867471838736,0.5576619600842225,0.2722716657301825,0.2853902943540417,0.22651285139044686,0.21582518852532678,0.12294244097184016,0.5904791918448132,0.579099113108034,0.6017610249756116,0.46272672919569724,0.4471993492463335,0.25503063888137933,4.628097643604124e-06,TRUE,0.5568447937485012
113,P431,0.4719732790748499,0.018289625210707514,0.002890885860225937,0.09386761047549909,0.5578152552713236,0.6010945922214538,0.45927742809218186,0.46054462235767646,0.0011804574742806519,2,5,1,3,2,0,1,6,0,3,1,3,2,3,1,3,4,3,0.5325958708656869,0.41015563274972183,0.3029762967575152,0.5898443672502675,0.26344324625317506,0.32640112099709284,0.21201796350512508,0.19813766924459483,0.16442783237678704,0.6683752164168468,0.5934126027594548,0.7442587082971384,0.4579738683085884,0.4606805510860451,0.3655071698263056,4.178610528427142e-06,TRUE,0.709836819123756
114,P432,0.5198690628594275,0.048473267224021205,0.0014434816825528102,0.03916864351951693,0.153200626341994,0.03794060199726246,0.30428984174738716,0.35119729714294795,0.0017158770194372307,2,2,1,1,1,1,0,4,0,2,0,3,1,3,1,1,4,1,0.12087230741041952,0.9806098327298842,0.862745178447039,0.019390167270115805,0.00026930787875160776,0.0191208593913642,0.3575800941579256,0.6230297385719578,0.01638251414254073,0.006136053418311762,0.0001682053077988834,0.012265040418785473,0.2235495210170987,0.3838609062947084,0.3129258513089924,4.2193697199276055e-05,FALSE,0.022131236381409188
115,P432,0.5435908000879365,0.02670962904917417,0.0,0.023400990596762428,0.05869263959501819,0.0007806500306262814,0.1245895835266671,0.21841228969005247,0.015350752565016116,2,2,1,1,1,1,0,4,0,1,0,4,0,4,1,2,4,2,0.004155075301789191,0.672006351578554,0.9048943389633505,0.3279936484214459,0.17158602652718105,0.15640762189426485,0.28669687257564713,0.38530947900290663,0.09095058573486008,0.06200787699320188,0.0650722664594672,0.058961787403944324,0.10479633006028775,0.14496178172070315,0.2512647330971401,0.0042098176619992924,FALSE,0.07469239999365167
116,P435,0.514544561341756,0.05874886562986553,0.0055524616752492964,0.03855529914877827,0.4381803955622501,0.720220231338095,0.5376804570748851,0.3157816318295775,0.0042921172485221835,8,7,3,3,3,4,1,13,0,10,1,10,1,12,2,0,12,3,0.7159764643954669,0.5314912092667201,0.24208274574109612,0.46850879073327817,0.24208124995587066,0.22642754077740765,0.30999910905832256,0.22149210020839724,0.041940789863436446,0.4654150300113907,0.4655540207438211,0.4652665221412912,0.605630383323682,0.46470731474930727,0.41359676501427467,0.0001537744851946833,TRUE,0.17891742965736318
117,P435,0.49304390561324773,0.04872624526438283,0.02440906939446004,0.08965093496493866,0.6888720839635168,0.8901400863987199,0.8062108511867702,0.5326511721979523,0.004497227187313808,5,4,3,2,1,2,2,8,0,5,2,6,0,6,2,3,8,2,0.6190245603365132,0.5553655581278367,0.27517480615111223,0.4446344418721659,0.18116067871161942,0.2634737631605456,0.3010575475397582,0.2543080105880788,0.10580063351237623,0.6302958121734014,0.5106037119073628,0.7514066867197268,0.8691460535232568,0.7425576127081889,0.48028331623771037,3.819301220648646e-06,TRUE,0.5804948675532439
118,P436,0.5157041025045522,0.04147946623922321,0.019814263472557304,0.004088267739780303,0.10663678314507236,0.2089768383823838,0.11570354732781,0.07052367795157054,0.00022140737403085733,17,20,7,9,11,9,1,36,0,18,1,20,15,17,1,13,20,18,0.7073027759610424,0.3952439378234593,0.17832062235658372,0.604756062176541,0.3803884247225306,0.2243676374540097,0.21458082382025334,0.18066311400320587,0.11437660168237394,0.17900108199540446,0.23234863980663406,0.12884620931973426,0.12869748649287252,0.10331410397831643,0.17932202906098466,7.768679790556365e-06,TRUE,0.12976840283905947
119,P436,0.5148634946074521,0.06588333729717118,0.04256182130195861,0.003948299684186782,0.10111042183622831,0.24244198888183996,0.11430283665899162,0.08996153636401334,0.0005024813895781631,22,24,10,7,17,10,6,44,3,24,6,27,11,25,7,10,28,15,0.6954477230695462,0.3305872300063557,0.20104441548675417,0.6694127699936449,0.3678740520591793,0.301538717934465,0.11737138950558293,0.21321584050077283,0.10350786144369992,0.23373246441881437,0.2503230344335216,0.21624739170035054,0.07811340035134495,0.153433746272602,0.22598204089965057,3.1017369727046583e-06,TRUE,0.1585297350242731
120,P438,0.37093001776797174,0.035748492625406025,0.0,0.054191732971084795,0.09253347564525513,0.15370186450110415,0.13894479231313572,0.16753978448422524,0.06599068503784206,3,1,0,1,0,2,1,3,0,1,1,2,0,2,2,1,2,1,0.47043336167098576,0.43142465789561485,0.3700005695443719,0.5685753421043851,0.28063373885024273,0.2879416032541427,0.19297104040608812,0.23845361748952643,0.15956606878464194,0.18666344245380562,0.18259749059806268,0.19080430739403817,0.12230034997865356,0.1561416250448655,0.10558561188836059,0.004051038230157193,FALSE,0.18093889441623845
121,P440,0.4123737641720325,0.05673881208171323,0.0,0.03675005175712312,0.06023406691260646,0.09897278492385495,0.10464521070148487,0.11889354229618561,0.04973921892888944,2,2,1,0,2,0,1,3,0,0,1,1,1,1,2,2,1,2,0.4474565237025445,0.4712565394598533,0.41846983565479756,0.5287434605401471,0.3136519213684716,0.21509153917167598,0.3157632878791352,0.15549325158071808,0.13407364064265842,0.11577712527895427,0.13631414830882083,0.09492297409977213,0.13989023022102806,0.0692264952871394,0.08075374366962874,0.00027686942987346143,TRUE,0.13022239835613847
122,P440,0.3712196492293145,0.1871890593914245,0.021026473225395054,0.048567720669063764,0.08780445992339742,0.15571340205105033,0.14111198624453478,0.13488172779428625,0.05461443723129256,2,2,1,1,1,0,1,3,0,0,1,1,1,1,2,1,1,2,0.5317510363668758,0.4839237315982317,0.35618961360841617,0.5160762684017689,0.26066091255463447,0.2554153558471321,0.25711609517425066,0.22680763642398097,0.11205935002470747,0.15028825434178522,0.15286071813538119,0.14775072022861235,0.15101043836525943,0.13135159429733487,0.09208366996876019,0.0032842648525013203,TRUE,0.1387595071319782
123,P441,0.48304663397895536,0.1246385302466647,0.0,0.0478679976458019,0.382220577489392,0.5625407599137267,0.4353763817475158,0.21498962864034138,0.0016119775577599152,3,7,1,3,3,2,1,9,0,3,1,3,5,4,1,5,4,6,0.6507669156674734,0.4931736375048077,0.17662796948265796,0.5068263624951913,0.275222854077234,0.23160350841795715,0.225493375490411,0.2676802620143976,0.17260511484986898,0.42646147481968166,0.44056597463753,0.41083179283930144,0.3860061459713484,0.48794944045936417,0.1982390452601521,6.272286216964774e-06,TRUE,0.5035184148524852
124,P441,0.44642732680422864,0.013614194233688419,0.00042636422436611215,0.11336552165440139,0.5556295628399369,0.6303091151622471,0.5261124098622192,0.39744416800541627,0.003519385707222011,4,3,2,1,1,1,1,5,0,3,1,3,1,4,1,1,4,2,0.5535651400263085,0.45348554118313833,0.23863141747891584,0.5465144588168673,0.2751397774786223,0.27137468133824505,0.20613100214160893,0.24735453904153026,0.20780344249478164,0.6057245038272842,0.6015933598524263,0.609971293462323,0.4689560106680324,0.5855894622902204,0.37292785208230833,8.725749687327391e-06,TRUE,0.7277407587018159
125,P442,0.3920625350717919,0.00885125355496918,0.0,0.35879945702080085,0.7169042200662753,0.7608929771437248,0.7661794901168018,0.6639404404768311,0.35879945702080085,1,2,0,1,0,1,1,2,0,1,1,1,0,2,1,1,2,1,0.5269942687060286,0.5279003848632277,0.34647976995357294,0.4720996151367724,0.269826850789094,0.20227276434767846,0.1798317025622329,0.3480686823009949,0.12652596134039812,0.6700891313103587,0.8500135028779642,0.5225413753805476,0.6469441263121781,0.8468153734016329,0.22432407428117832,0.0006946939753263862,TRUE,0.7065225572511706
