plantName,avgDist2CenterAllSpots_lower,avgDist2CenterAllSpots_upper,avgDist2CenterCenterSpots_lower,avgDist2CenterCenterSpots_upper,avgDistSpotCentroid2Edge_lower,avgDistSpotCentroid2Edge_upper,avgDistSpotEdge2Edge_lower,avgDistSpotEdge2Edge_upper,avgSpotSize_lower,avgSpotSize_upper,biggestSpotArea_lower,biggestSpotArea_upper,centerCoveredbySpots_lower,centerCoveredbySpots_upper,distCoveredbySpots_lower,distCoveredbySpots_upper,edgeCoveredbySpots_lower,edgeCoveredbySpots_upper,medSpotSize_lower,medSpotSize_upper,nuDistSpots_lower,nuDistSpots_upper,nuProxSpots_lower,nuProxSpots_upper,nuQuadIIISpots_lower,nuQuadIIISpots_upper,nuQuadIISpots_lower,nuQuadIISpots_upper,nuQuadISpots_lower,nuQuadISpots_upper,nuQuadIVSpots_lower,nuQuadIVSpots_upper,nuSpotCentroidsInCenter_lower,nuSpotCentroidsInCenter_upper,nuSpots_lower,nuSpots_upper,nuSpotsContainedInCenter_lower,nuSpotsContainedInCenter_upper,nuSpotsContainedInEdge_lower,nuSpotsContainedInEdge_upper,nuSpotsMostlyInCenter_lower,nuSpotsMostlyInCenter_upper,nuSpotsMostlyInEdge_lower,nuSpotsMostlyInEdge_upper,nuSpotsMostlyInThroat_lower,nuSpotsMostlyInThroat_upper,nuSpotsTouchActualEdge_lower,nuSpotsTouchActualEdge_upper,nuSpotsTouchCenter_lower,nuSpotsTouchCenter_upper,nuSpotsTouchCut_lower,nuSpotsTouchCut_upper,nuSpotsTouchEdge_lower,nuSpotsTouchEdge_upper,nuSpotsTouchThroat_lower,nuSpotsTouchThroat_upper,propSpotsInCenter_lower,propSpotsInCenter_upper,propSpotsInDist_lower,propSpotsInDist_upper,propSpotsInEdge_lower,propSpotsInEdge_upper,propSpotsInProx_lower,propSpotsInProx_upper,propSpotsInQuadI_lower,propSpotsInQuadI_upper,propSpotsInQuadII_lower,propSpotsInQuadII_upper,propSpotsInQuadIII_lower,propSpotsInQuadIII_upper,propSpotsInQuadIV_lower,propSpotsInQuadIV_upper,propSpotsInThroat_lower,propSpotsInThroat_upper,proxCoveredbySpots_lower,proxCoveredbySpots_upper,quadICoveredbySpots_lower,quadICoveredbySpots_upper,quadIICoveredbySpots_lower,quadIICoveredbySpots_upper,quadIIICoveredbySpots_lower,quadIIICoveredbySpots_upper,quadIVCoveredbySpots_lower,quadIVCoveredbySpots_upper,realEdgeSpotted_lower,realEdgeSpotted_upper,smallestSpotArea_lower,smallestSpotArea_upper,spotOnCentroid_lower,spotOnCentroid_upper,throatCoveredbySpots_lower,throatCoveredbySpots_upper
P247,0.3810877057272225,0.47549057727299415,0.16032341149105028,NaN,0.1308734880173228,0.028736491774265797,0.0657188601086853,0.0,0.016594691982623137,0.0059744303354297605,0.06335393562997416,0.0059744303354297605,0.17646348621948588,0.0,0.08643849667669987,0.012019846139919901,0.08944503009854195,0.016692373690218247,0.009755555404951054,0.0059744303354297605,6.0,1.0,6.5,0.0,3.0,0.5,3.0,0.0,3.5,0.0,1.5,0.5,3.0,0.0,11.0,1.0,2.0,0.0,4.5,1.0,3.0,0.0,4.5,1.0,3.5,0.0,4.0,1.0,5.0,0.0,1.5,0.0,5.0,1.0,4.5,0.0,0.512465121008961,0.0,0.24836522924188503,1.0,0.18240011679173201,1.0,0.7516347707581148,0.0,0.42004239032963187,0.0,0.33159238042848316,0.0,0.16460117379723677,0.4140084877838503,0.08376405544464831,0.5859915122161498,0.3051347621993069,0.0,0.25995062210938924,0.0,0.29601363217736804,0.0,0.22659209992488638,0.0,0.11024983573200511,0.013061894055314528,0.06647191797549044,0.01463679025240222,0.06134050062563037,0.018856174372496818,0.0018664627878349572,0.0059744303354297605,1.0,0.0,0.38153839111129206,0.0
P248,0.4810676537117149,0.46848804970807595,0.3366350473570242,0.315747217724897,0.0847810908237247,0.1010195043191529,0.02025082645450744,0.03001613162269529,0.037600950495495035,0.046336175378540644,0.1459283947730237,0.14259406030859348,0.152468570068611,0.18103456461215184,0.3584132306172882,0.1660921797729664,0.3237613036749076,0.2661211372889248,0.014894087564453635,0.023496293950910522,3.3333333333333335,6.0,6.333333333333333,8.333333333333334,1.3333333333333333,2.6666666666666665,2.3333333333333335,4.833333333333333,3.6666666666666665,3.0,2.0,2.6666666666666665,1.0,3.0,9.333333333333334,13.166666666666666,0.0,1.6666666666666667,4.0,3.8333333333333335,1.0,2.6666666666666665,5.333333333333333,5.0,3.0,5.166666666666667,5.333333333333333,3.8333333333333335,2.6666666666666665,3.8333333333333335,2.0,3.8333333333333335,6.666666666666667,5.833333333333333,4.666666666666667,6.0,0.2841532133139811,0.39580314003171546,0.7151857998971173,0.5302251322034156,0.5604634496425852,0.5597936385062311,0.28481420010288283,0.46926753514871367,0.20132419636670051,0.22570362225208826,0.08349000373618232,0.24356391289662538,0.4713326370556439,0.2609180907193662,0.2438531628414732,0.2693070414840488,0.15538333704343416,0.043895888814182084,0.11541573580695107,0.23932081525826757,0.1654268229344553,0.23718693473993635,0.06527877932808189,0.24147093760099148,0.449985096397477,0.2133998227888659,0.2753658714991097,0.14018837400242165,0.35538410526513314,0.18947290761649782,0.004635554543524846,0.01653538587206033,0.0,0.16666666666666666,0.295614885690824,0.08037048948171342
P253,0.4644129501287425,0.43455136452732696,0.3091484694266928,0.27810353022674167,0.10797578525593199,0.14041597518453308,0.04557688803376662,0.087509304957411,0.012816467972753348,0.015971151820344413,0.07689696474974529,0.07796410750006924,0.1116554770038172,0.1844660761710024,0.03670395313239809,0.050293667373760814,0.051196418233822136,0.06799755005689237,0.0059412493259833835,0.00996802319669649,3.0,5.75,6.0,9.0,1.0,1.5,3.5,4.0,2.5,4.5,1.5,3.25,1.5,4.75,8.5,13.25,0.0,3.75,2.5,7.5,1.5,4.75,3.5,8.0,3.5,0.5,3.0,6.0,2.5,5.25,2.0,0.25,4.0,9.25,6.0,1.0,0.41367499353947557,0.7631947184886667,0.09241293152375571,0.16404120705861755,0.10444776133065793,0.202612356396817,0.9075870684762443,0.8359587929413828,0.40878905948143734,0.36864191379420475,0.498798008994807,0.4673168791471776,0.03903546700981035,0.08663234336161775,0.05337746451394536,0.0774088636969998,0.4818772451298667,0.03419292511451637,0.20884830716757624,0.1928983282661274,0.18860323503985457,0.15671087931270256,0.230071482259372,0.19945794933322633,0.03047294718957881,0.05797580679384217,0.043157551654268024,0.04757966371792031,0.045564947391730004,0.07813647607097851,0.00040097847713960535,0.006345054091656617,0.5,0.5,0.3837280156681781,0.02982654784995062
P257,0.39638134883793746,0.4996408509144434,0.16717389769196558,0.3431730489366866,0.12872121898842523,0.09932161398106755,0.0978554913907886,0.07706245218410313,0.006421234767749462,0.0031922477431781133,0.018829250643093407,0.02820062368311979,0.02959081528954942,0.10315333436210132,0.04319066072131581,0.040350878805027586,0.05710595515551601,0.04281063738263002,0.0035443411005804705,0.0007136545276970139,4.0,10.5,4.0,13.333333333333334,2.0,6.0,3.0,7.166666666666667,1.0,5.5,2.0,3.8333333333333335,1.6666666666666667,7.333333333333333,8.0,22.5,1.6666666666666667,5.5,4.0,11.333333333333334,1.6666666666666667,7.333333333333333,4.333333333333333,12.0,2.0,3.1666666666666665,4.333333333333333,10.333333333333334,1.6666666666666667,8.166666666666666,2.0,0.8333333333333334,4.333333333333333,13.666666666666666,2.3333333333333335,4.0,0.3213415984184322,0.7514270666666819,0.49792351747687386,0.27143440346441067,0.5006083467868251,0.20302360450501475,0.5020764825231261,0.7285655965355894,0.11274605203438563,0.3144625844342132,0.38933043048874044,0.41410301210137607,0.0967615177096784,0.19886942829331547,0.4011619997671954,0.07256497517109511,0.17805005479474267,0.045549328828303544,0.048126909824103135,0.10314667042487789,0.029700942863757723,0.09671811198018225,0.06816679951102038,0.10538453752473607,0.022443453620199765,0.048745167483100794,0.06511235755943358,0.030609130870362305,0.06118119985052428,0.11934771181475952,0.0015333440456335,6.914460930827907e-06,0.0,0.0,0.07497602276190989,0.03207794837631403
P258,NaN,NaN,NaN,NaN,NaN,NaN,NaN,NaN,NaN,NaN,NaN,NaN,0.0,0.0,0.0,0.0,0.0,0.0,NaN,NaN,0.0,0.0,0.0,0.0,0.0,0.0,0.0,0.0,0.0,0.0,0.0,0.0,0.0,0.0,0.0,0.0,0.0,0.0,0.0,0.0,0.0,0.0,0.0,0.0,0.0,0.0,0.0,0.0,0.0,0.0,0.0,0.0,0.0,0.0,0.0,0.0,NaN,NaN,NaN,NaN,NaN,NaN,NaN,NaN,NaN,NaN,NaN,NaN,NaN,NaN,NaN,NaN,NaN,NaN,0.0,0.0,0.0,0.0,0.0,0.0,0.0,0.0,0.0,0.0,0.0,0.0,NaN,NaN,0.0,0.0,0.0,0.0
P261,NaN,NaN,NaN,NaN,NaN,NaN,NaN,NaN,NaN,NaN,NaN,NaN,0.0,0.0,0.0,0.0,0.0,0.0,NaN,NaN,0.0,0.0,0.0,0.0,0.0,0.0,0.0,0.0,0.0,0.0,0.0,0.0,0.0,0.0,0.0,0.0,0.0,0.0,0.0,0.0,0.0,0.0,0.0,0.0,0.0,0.0,0.0,0.0,0.0,0.0,0.0,0.0,0.0,0.0,0.0,0.0,NaN,NaN,NaN,NaN,NaN,NaN,NaN,NaN,NaN,NaN,NaN,NaN,NaN,NaN,NaN,NaN,NaN,NaN,0.0,0.0,0.0,0.0,0.0,0.0,0.0,0.0,0.0,0.0,0.0,0.0,NaN,NaN,0.0,0.0,0.0,0.0
P297,0.4518322745731518,0.4919900245924721,0.11956476601094981,0.26614273963957136,0.08844637085339563,0.09822384233741216,0.036126415354101785,0.06813837527551181,0.028497584843547412,0.007299698561627625,0.09627469579825187,0.07360510357368427,0.14650048044284042,0.22163345411732943,0.23565192318876427,0.1707465047054414,0.26337161187981856,0.17472227352229958,0.017095823707947277,0.002071509750957359,4.5,10.0,5.0,19.75,3.0,3.75,3.0,10.25,2.0,7.75,1.5,5.0,1.0,8.0,9.5,26.75,0.5,5.0,3.0,14.5,1.0,8.0,5.0,16.0,3.0,2.75,5.0,13.0,4.0,9.75,3.0,1.0,5.0,17.75,4.5,4.75,0.34026683005516045,0.5830073990617166,0.5497296669056393,0.42871139989131946,0.45970353759186566,0.3631511421124023,0.4484522899698694,0.5712886001086805,0.22489563533447296,0.24713072286777515,0.22355665463539637,0.3241578772409054,0.28813662998432066,0.20267059217710423,0.2615930369213186,0.22604080771421522,0.19821158922848225,0.05384145882588112,0.19842839938635237,0.2056623205942023,0.18787760068836462,0.16503132661762204,0.2103716674249444,0.214806195439169,0.23646931533573423,0.19913487260622864,0.23478521716045447,0.175683006883862,0.23985127713779808,0.25347449139411443,0.008362786138809131,3.839941562279755e-06,0.5,0.5,0.34616322649825493,0.08796481304644449
P299,0.3794083523582674,0.48011044612517084,0.11059686011010876,NaN,0.06912126858574623,0.011860748566326408,0.03682263716264406,0.0,0.005483594239675286,0.0015032724096910304,0.008117608450179198,0.0015032724096910304,0.008764408198375758,0.0,0.015094030454590856,0.0030368508960103764,0.021160297696161214,0.004272158948378893,0.004717809234824458,0.0015032724096910304,1.5,1.0,3.5,0.0,1.5,0.5,2.5,0.0,1.0,0.0,0.0,0.5,0.5,0.0,5.0,1.0,0.5,0.0,1.5,1.0,0.5,0.0,1.5,1.0,3.0,0.0,1.0,1.0,1.0,0.0,2.0,0.0,1.5,1.0,3.0,0.0,0.18404982259739458,0.0,0.6435410018038019,1.0,0.6435410018038019,1.0,0.35645899819619803,0.0,0.030245359452106747,0.0,0.32621363874409137,0.0,0.5489615476084321,0.5,0.09457945419536962,0.5,0.17240917559880353,0.0,0.017059642631962413,0.0,0.0026769726218662357,0.0,0.03399289454648117,0.0,0.024260832832077223,0.002268089683095607,0.005845067993859424,0.005015712708025314,0.02389916652373427,0.010999376315978839,0.004252173791050764,0.0015032724096910304,0.0,0.0,0.028741440398042866,0.0
P301,NaN,NaN,NaN,NaN,NaN,NaN,NaN,NaN,NaN,NaN,NaN,NaN,0.0,0.0,0.0,0.0,0.0,0.0,NaN,NaN,0.0,0.0,0.0,0.0,0.0,0.0,0.0,0.0,0.0,0.0,0.0,0.0,0.0,0.0,0.0,0.0,0.0,0.0,0.0,0.0,0.0,0.0,0.0,0.0,0.0,0.0,0.0,0.0,0.0,0.0,0.0,0.0,0.0,0.0,0.0,0.0,NaN,NaN,NaN,NaN,NaN,NaN,NaN,NaN,NaN,NaN,NaN,NaN,NaN,NaN,NaN,NaN,NaN,NaN,0.0,0.0,0.0,0.0,0.0,0.0,0.0,0.0,0.0,0.0,0.0,0.0,NaN,NaN,0.0,0.0,0.0,0.0
P331,0.503503549712301,0.4911171612740514,0.2333078035787445,0.2308697390336172,0.06832407090654886,0.06463598308565732,0.04534639404938195,0.036642550407511465,0.005688410628154708,0.022950256996095732,0.08338940563443833,0.32226912502843613,0.18958744021181761,0.47660848458597715,0.09648961802695319,0.36003016556002865,0.08647266531310344,0.37042142410834794,0.0007754592187590381,0.0004783357333233756,8.0,13.0,20.5,10.0,2.0,6.75,8.5,2.5,12.0,6.0,4.5,5.75,5.0,4.25,27.0,21.0,3.5,3.0,16.0,13.75,5.0,4.25,16.5,13.75,5.5,3.0,16.5,11.75,5.0,4.25,3.5,1.5,16.5,15.25,7.5,4.0,0.6574205912955117,0.6145513291816096,0.30730120537910055,0.45796474076731575,0.18272193829543906,0.35067071212327205,0.6926987946208993,0.5420352592326829,0.2844288823851846,0.2862708707742513,0.40826991223571435,0.2557643884584312,0.08595442264228612,0.23184873208299023,0.2213467827368144,0.2261160086843256,0.1598574704090491,0.0347779586951169,0.20599518635461603,0.41527759393883973,0.16317415073399813,0.42005443152725486,0.2562097805578965,0.3419486725341262,0.05264373764637635,0.3476537146257375,0.14531371063807955,0.33591825154565225,0.3512976317993254,0.40370253096294256,4.392925355162165e-06,3.219766515422078e-06,0.5,0.75,0.18811318612334219,0.0921844788932554
P338,NaN,NaN,NaN,NaN,NaN,NaN,NaN,NaN,NaN,NaN,NaN,NaN,0.0,0.0,0.0,0.0,0.0,0.0,NaN,NaN,0.0,0.0,0.0,0.0,0.0,0.0,0.0,0.0,0.0,0.0,0.0,0.0,0.0,0.0,0.0,0.0,0.0,0.0,0.0,0.0,0.0,0.0,0.0,0.0,0.0,0.0,0.0,0.0,0.0,0.0,0.0,0.0,0.0,0.0,0.0,0.0,NaN,NaN,NaN,NaN,NaN,NaN,NaN,NaN,NaN,NaN,NaN,NaN,NaN,NaN,NaN,NaN,NaN,NaN,0.0,0.0,0.0,0.0,0.0,0.0,0.0,0.0,0.0,0.0,0.0,0.0,NaN,NaN,0.0,0.0,0.0,0.0
P339,0.5616752087547107,0.5024125231431442,NaN,0.3363905306998372,0.009670929991439866,0.07649774417541869,0.003392124460443697,0.0570901632433727,0.0009321555266289074,0.005359215308419989,0.011440947773889907,0.13885443085669769,0.0,0.35106972478840576,0.03031487385083438,0.19612937594972057,0.04685226055837367,0.16602967370951444,0.00013669957660234215,0.00019636650366701086,27.5,33.25,4.0,20.5,13.5,11.0,1.0,11.25,2.5,6.75,14.0,21.0,0.0,11.25,31.0,50.0,0.0,8.0,29.5,30.5,0.0,11.25,30.5,31.75,0.5,7.0,26.0,24.0,0.0,12.25,1.5,2.5,31.0,35.0,1.5,8.25,0.0,0.7018640127816882,0.8492399709580563,0.3983975714579845,0.9921833289997224,0.26247922214593566,0.15076002904194358,0.6016024285420158,0.026881055018209483,0.22750542988281383,0.1238789740237341,0.37409699865920176,0.5976236608249539,0.15649296875020338,0.2516163101331027,0.24190460270778116,0.007816671000277626,0.03565676507237667,0.00538017331765968,0.2985813266907324,0.0019454136826728497,0.21525206364534819,0.008751375774381911,0.32716009722303585,0.043926713111936036,0.18308876052063544,0.01783772408993653,0.20537671294821183,0.2409619492576489,0.2849427317821898,4.374655203572084e-06,3.2200740880349006e-06,0.0,0.75,0.0012035204653840237,0.07335364969515938
P341,0.45305824462296995,0.5129615493543218,0.16849044621182024,0.26198587710937715,0.07423071154683086,0.09639082131287413,0.05376375175674392,0.07041493724043708,0.004104545590788092,0.004410264826670705,0.017195225468378227,0.03736068516736556,0.03859753252136619,0.11494401626111961,0.022553336960648145,0.047377582262606036,0.043192582001027886,0.06160479117195572,0.002516842157650054,0.0011433538914752282,6.5,9.5,4.5,10.75,3.5,3.25,2.5,6.75,2.0,3.75,3.0,5.75,2.0,5.0,11.0,19.5,1.0,4.0,8.5,13.25,2.0,5.0,9.0,14.0,0.0,0.5,9.0,10.25,2.0,5.75,0.5,0.25,9.0,15.0,1.5,0.75,0.4929181849067381,0.6997817797186815,0.29066242868918496,0.30317214127061043,0.4090108920443477,0.2978414006704845,0.7093375713108149,0.6968278587293897,0.4039741090561205,0.34677761971762966,0.3053634622546945,0.35005023901175997,0.22526373057044538,0.11141809386205007,0.06539869811873966,0.19175404740856034,0.09807092304891406,0.002376819610834008,0.05582666329167484,0.11378253532047933,0.06379818592802626,0.08710318168889304,0.048169985765273156,0.10479228738012006,0.03606246418617924,0.03268996135832215,0.01003614810942366,0.05899678202232088,0.11342337593812912,0.08911802370251443,3.930122545783775e-06,1.0550981900196973e-05,0.0,0.5,0.02971290152826331,0.0011712301041137572
P342,0.4409228888242448,0.5012584901293146,0.1763426327519661,0.2349354138038332,0.05823258327435921,0.061182505704973716,0.024504012738787998,0.014919797271456033,0.060679267095735,0.027433531114657482,0.2681782096278497,0.1835580552087544,0.5004789024586137,0.36060498990097767,0.40507829030503506,0.1663063692393629,0.341902306829232,0.25214199886627786,0.020836296515535677,0.005492098248706984,5.5,7.0,3.0,5.75,2.5,3.5,1.0,2.0,2.0,3.0,2.0,2.5,1.5,1.0,7.5,11.0,0.5,0.0,4.5,7.0,1.5,1.0,5.5,8.5,0.5,1.5,4.0,4.5,2.5,2.25,1.5,1.25,6.0,9.25,1.5,2.75,0.5631326413524158,0.5986608061049008,0.4547207796197672,0.278108866179933,0.2866089408067406,0.3311257112090219,0.5452792203802328,0.721891133820067,0.2853527610854816,0.30318097208469014,0.2599264592947513,0.4187101617353769,0.2746005848346727,0.10079104685418168,0.180120194785095,0.17731781932575136,0.15025841784084382,0.0702134826860773,0.49341511820938694,0.43693602948268423,0.5052884872657702,0.38406212140338136,0.48225634089633496,0.47084919689515525,0.483551820596967,0.12753739919979676,0.3279780008849088,0.20605085022104047,0.17799403139744893,0.17027410066120888,4.483249610325695e-05,5.368112620014784e-05,1.0,0.5,0.5653314225828037,0.18344957534052636
P344,0.4477400734317343,0.3719144867475808,0.06813253572439262,0.14229810389623943,0.19424445972792181,0.1577842135087945,0.01124888532473235,0.055529453498398745,0.12363575606127038,0.06643348386191839,0.50742890866242,0.09233638774201053,0.667462920969798,0.0909829579522736,0.5978271582452808,0.2141502074651191,0.45268734214397044,0.20360506079215124,0.01982809996760441,0.061701007013828524,3.0,2.0,3.0,0.75,2.0,1.0,0.5,0.25,1.5,0.0,0.5,0.75,1.0,0.5,4.5,2.0,0.0,0.5,1.0,0.25,1.0,0.5,3.0,1.5,0.5,0.0,4.0,1.5,2.0,1.75,2.0,0.0,4.0,1.5,2.5,0.0,0.5973984505396299,0.33631863033999254,0.542198462811218,0.9075680886565276,0.31326362081351405,0.6636813696600073,0.4578015371887827,0.09243191134347235,0.2420784923925882,0.0009407523601756744,0.2157230447961943,0.09149115898329671,0.32529671568975205,0.49982626334820157,0.21690174712146604,0.4077418253083255,0.08933792864685682,0.0,0.5212380587097928,0.02910045074537263,0.531356378035639,0.0004874723136197195,0.509414089306719,0.0656210456585613,0.6888070124640462,0.22937270133395857,0.5211989236908001,0.2042718652101741,0.4203172691335552,0.13241192124168322,0.00171033958062445,0.045263056829916104,1.0,0.25,0.4415642494038915,0.0
P345,0.4398309806548595,NaN,NaN,NaN,0.07339042749008856,NaN,0.04374411394858528,NaN,0.0017790041713240895,NaN,0.002512683084375148,NaN,0.0,0.0,0.0,0.0,0.0,0.0,0.0014477590383030173,NaN,0.0,0.0,2.0,0.0,0.0,0.0,0.5,0.0,1.5,0.0,0.0,0.0,0.0,0.0,2.0,0.0,0.0,0.0,0.0,0.0,0.0,0.0,0.0,0.0,2.0,0.0,0.0,0.0,0.0,0.0,1.0,0.0,0.0,0.0,2.0,0.0,0.0,NaN,0.0,NaN,0.0,NaN,1.0,NaN,0.5,NaN,0.5,NaN,0.0,NaN,0.0,NaN,1.0,NaN,0.006925532836276275,0.0,0.010746505723393442,0.0,0.00414095862141248,0.0,0.0,0.0,0.0,0.0,0.0,0.0,0.0013765703912941032,NaN,0.0,0.0,0.03548923549452251,0.0
P348,0.4762172366828305,0.5371258883816565,0.2804684838436261,0.2204000754420853,0.10444999481050096,0.07257566228629413,0.061483281013349794,0.02820674384076754,0.008263683407131997,0.02139036030174497,0.06990268996424895,0.21860832327738,0.23774497926851487,0.46085880942538193,0.16451214455746033,0.3748690594161105,0.12563172104426384,0.26515269448159745,0.003343265059334686,0.002889887545640248,12.5,9.5,15.5,8.75,4.5,4.75,9.0,1.75,6.0,5.75,4.5,4.0,5.5,2.75,24.0,16.25,3.5,0.75,12.0,9.5,5.5,2.5,13.5,9.75,5.0,4.0,13.0,7.75,6.0,2.75,4.0,2.5,15.0,12.0,7.5,4.75,0.6243601450649643,0.7011403753681775,0.43316284037748565,0.5773545350002751,0.24920610016394934,0.2947750393417905,0.5668371596225144,0.42264546499972444,0.32187136922138304,0.26178078871117316,0.24496579040113128,0.16086467628855128,0.21610587429997202,0.3931577942364281,0.21705696607751362,0.18419674076384696,0.1264337547710862,0.004084585290032399,0.2145457649811744,0.2781510595127361,0.2554667852780713,0.2852940728516035,0.17719442642177446,0.20040457296618056,0.17411640862098415,0.43831407733161076,0.15594836674685594,0.2525579840757513,0.2672910131927906,0.09653463446512511,0.00015954061846980673,4.884426970184539e-06,1.0,0.25,0.18909643851208544,0.010370769142192012
P351,0.5052248499299798,0.4974973250501445,0.23949555945148704,0.28643394980713466,0.06580019995530174,0.09168039393229424,0.03495266307481064,0.06351015472693217,0.009788739573854762,0.005642845208532105,0.1359002743447523,0.05028999362202227,0.30691254968528053,0.14117386485741104,0.20827679794768997,0.11170808447776516,0.17391569054273334,0.212523783627545,0.00020936604263893408,0.0007046693918005269,22.5,15.75,20.5,22.5,11.0,8.25,14.0,13.5,6.0,8.5,10.5,5.0,3.0,7.25,41.5,35.25,1.5,6.0,32.0,24.5,3.0,6.75,33.0,25.75,5.5,2.75,33.0,22.25,5.0,8.0,5.0,2.25,34.0,26.75,7.0,3.25,0.577904819094436,0.44273807775952,0.390171313441632,0.3770477559397371,0.25001458018194045,0.5334561737804872,0.609828686558368,0.6229522440602633,0.35220442774272565,0.24583361679659754,0.2576242588156416,0.37711862726366574,0.25034412186674704,0.21524214660727814,0.1398271915748848,0.16180560933245897,0.17208060072362327,0.023805748459992893,0.31456282591848106,0.2046086596433474,0.36503900498747227,0.16948175674569443,0.270728971594275,0.22596803066208188,0.27166879638468555,0.13569616157421885,0.14966924277205645,0.09897692897965422,0.21112834153410515,0.39554661929309975,4.670502422724689e-06,5.056089692202725e-06,1.0,0.5,0.34248959988907257,0.042145180554460156
P352,0.4815133218456441,0.5100170128853827,0.1166455128515706,0.27296135007194783,0.08463545954889327,0.09400858908735671,0.04330375733629489,0.059520775527442185,0.013812989066219132,0.00896651886466485,0.06526827031310914,0.09294079932748803,0.09383744353395723,0.3158980572321072,0.12478134407313678,0.25603906514133284,0.1569129552362789,0.20254739384446357,0.00471648618143285,0.0009882530902938851,4.5,10.0,5.5,23.0,2.0,5.25,2.0,12.0,3.0,9.25,2.0,4.0,1.0,6.5,9.0,30.5,1.0,4.5,4.5,14.75,1.0,6.25,6.0,16.25,2.0,8.0,6.5,15.75,2.5,8.0,2.0,7.75,6.5,19.0,2.5,9.0,0.38201570551912056,0.6216321410001968,0.5006186069403148,0.49991346557208743,0.4872178160005528,0.30916483446531895,0.4993813930596852,0.5000865344279127,0.2987599918503251,0.25903653542230554,0.20062140120936034,0.24104999900560714,0.31194506775186026,0.2958964134923541,0.18867353918845425,0.2040170520797333,0.13076647848032671,0.06920302453448421,0.12070672485062911,0.24725943129487707,0.14450355117799507,0.23000000641213283,0.09701788502534156,0.23021747374056095,0.1518940266124042,0.3433775033666123,0.09568183610643882,0.21635647096695532,0.16497799287673665,0.26593290005284603,0.0004186373824448318,7.039292962859121e-06,0.5,0.5,0.1322749599774689,0.1379534372148832
P355,0.3823769469429825,0.4719337933708786,0.1355813498994015,0.2147176398256991,0.040228505774106256,0.1183012054807956,0.010731548994377227,0.05703913702957869,0.21629350885517945,0.029000582491036386,0.6184205013298056,0.16840126593383625,0.7528886099581222,0.4374639261079436,0.6532545034770165,0.3468370812929576,0.47947771889682644,0.2694304706653839,0.17365749383832607,0.008793256207432135,3.0,8.0,2.5,8.75,1.0,2.25,1.5,2.5,0.0,4.25,2.0,4.5,1.5,4.25,4.5,13.5,0.0,2.0,1.5,7.25,1.5,4.0,2.5,9.0,0.5,0.25,3.5,8.75,1.5,5.0,2.0,0.25,4.0,11.25,2.5,1.25,0.5751245757204931,0.6743621794887625,0.4909893761538634,0.5300519850029248,0.26867444117088063,0.3183683961496101,0.5090106238461405,0.46994801499707534,0.2965688968740141,0.23530125391043633,0.21244172697212638,0.23464676108663907,0.22610829044293912,0.20756082969552772,0.2648810857109242,0.3224911553073969,0.15620098310862987,0.007269424361627207,0.6486653372765246,0.29649380039097145,0.7065101468192139,0.27233020650351125,0.5819423327620438,0.28413437688398,0.5556947662321619,0.2888751639537246,0.7732541103875475,0.43771038096363235,0.42071844355652965,0.37233976948461,0.008183036176129033,0.00031947384194310553,1.0,1.0,0.7244947794899986,0.02017707751282356
P356,0.40488218216191385,0.43686358716678475,0.16040185803516788,NaN,0.07819243917706845,0.026342693377354162,0.036414645214664226,0.0007524303246226882,0.010225454519518812,0.005526988999326753,0.03822130661448178,0.005526988999326753,0.055562071222200984,0.0,0.051790335718217825,0.011109798977930456,0.07133396376506573,0.015521034819269478,0.003869203164884932,0.005526988999326753,3.0,1.0,4.0,0.0,2.5,0.75,2.0,0.0,2.0,0.0,0.5,0.25,1.0,0.0,7.0,1.0,0.5,0.0,3.0,1.0,1.0,0.0,3.0,1.0,3.0,0.0,3.0,0.75,1.0,0.0,0.5,0.0,3.0,1.0,3.5,0.0,0.36010691114889687,0.0,0.37030882496877887,1.0,0.37030882496877887,1.0,0.6296911750312211,0.0,0.2966778684096037,0.0,0.33301330662161743,0.0,0.21040597077905643,0.7474865078567262,0.15990285418972253,0.25251349214327373,0.26958426388232426,0.0,0.09148697937966963,0.0,0.08387678235904002,0.0,0.0994204314856976,0.0,0.05398586047270043,0.01606649939266647,0.048916314508759426,0.008534559729173634,0.09291920044219476,0.004318506382554004,0.0001333775902180281,0.005526988999326753,0.0,0.0,0.1292766484475677,0.0
P357,0.5014928076408289,0.4240814822052674,NaN,0.2549794558665504,0.026622678904324747,0.13308696693713074,0.009964313541520643,0.09743839657396475,0.004411791347456751,0.011423776181425656,0.014865613221130287,0.12623887592740535,0.0,0.3020170088525653,0.030024818579164093,0.11036477961739066,0.04038307150530414,0.05776738924879253,0.0013362760322737025,0.0006292517395591406,1.5,11.75,3.0,7.75,1.0,4.75,1.0,4.75,2.0,2.0,0.0,5.25,0.0,6.5,4.0,16.75,0.0,4.25,3.0,9.5,0.0,6.5,3.0,10.0,1.0,0.25,2.5,8.0,0.0,7.0,0.5,0.25,3.0,12.25,1.0,0.5,0.0,0.8758016267331714,0.855410194569832,0.3083381692054473,0.885930137685369,0.12400054338829697,0.1445898054301681,0.6916618307945528,0.14401777898129778,0.32123858799461735,0.000572026448870322,0.3704232427999353,0.855410194569832,0.140829614189535,0.0,0.16750855501591233,0.11406986231463104,0.00019782987853148528,0.005504002519027738,0.23478773628580535,0.010935942580733807,0.2070936691675836,4.916618079122864e-05,0.2571264303014696,0.06008673090169412,0.10110966859607262,0.0,0.11982878413720602,0.03730022232445217,0.039431908252636344,0.00010900010414931109,5.437130029679861e-06,0.0,0.5,0.020214031064498966,0.00023081092031092203
P361,NaN,0.4533307365167923,NaN,0.30009016434926206,NaN,0.0519452675006228,NaN,0.04704509102512482,NaN,0.006532297243538701,NaN,0.027997423193814774,0.0,0.00629224646890875,0.0,0.0,0.0,0.0,NaN,1.3232844042998335e-05,0.0,0.0,0.0,3.5,0.0,0.0,0.0,1.5,0.0,2.0,0.0,0.0,0.0,0.25,0.0,3.5,0.0,0.25,0.0,0.0,0.0,0.25,0.0,0.0,0.0,3.25,0.0,0.0,0.0,0.5,0.0,0.25,0.0,0.0,0.0,3.25,NaN,0.1270349888245175,NaN,0.0,NaN,0.0,NaN,1.0,NaN,0.49064782980599286,NaN,0.5093521701940069,NaN,0.0,NaN,0.0,NaN,0.8729650111754825,0.0,0.028704116811662544,0.0,0.03299181002571279,0.0,0.021400122842387428,0.0,0.0,0.0,0.0,0.0,0.0,NaN,4.0544202677241535e-06,0.0,0.0,0.0,0.07845831971226135
P363,0.3911752310105018,0.4916839031191601,0.052329288504047736,0.1210018249655278,0.07873739854691855,0.11782828195482992,0.010087009712257145,0.010231074863288725,0.12303991360632781,0.10417095303648055,0.7956844767727662,0.5898268005007814,0.9066274545113135,0.7261025668805506,0.9122031814087116,0.8242479362631436,0.781398180276448,0.6974258893419084,0.0026032697352056365,0.009888591536969938,1.0,2.0,7.5,7.0,0.5,0.75,3.0,2.0,3.5,3.5,0.5,0.75,1.0,1.0,7.5,7.0,0.0,0.0,0.0,3.25,1.0,1.0,0.0,3.75,6.5,2.25,1.0,2.25,1.0,1.5,5.0,2.0,1.0,5.0,7.5,3.0,0.5579927643300867,0.5624769419427148,0.5599505239257734,0.6519123173571385,0.34939463976348284,0.43700226128418995,0.4400494760742244,0.34808768264285983,0.21675678486331687,0.15851346573317832,0.22329269121090742,0.18957421690968163,0.2850943918289318,0.3147868414236793,0.27485613209684134,0.33712547593345943,0.09261259590642712,0.0005207967730939298,0.7080224871958798,0.4562232883324543,0.7222269705994234,0.38450026345924204,0.6958441348857004,0.4654894024184391,0.95110192659269,0.7922634014374743,0.8734012571633539,0.8558298089098376,0.2810098706888402,0.08321242394632168,6.338013733134307e-06,2.851270842536681e-06,1.0,1.0,0.5325031780087601,0.003742735900374456
P364,0.3908467183290443,0.464322202941327,0.24479844359835423,NaN,0.0766403530154274,0.027870844114390163,0.04412992880537011,0.0,0.0363677810784666,0.005580217642702981,0.09896798108833792,0.005580217642702981,0.14625041760875818,0.0,0.03393179222236702,0.011106409830905783,0.04429231463766248,0.014628515828106928,0.009311391876565132,0.005580217642702981,2.5,1.0,5.0,0.0,0.5,0.5,2.5,0.0,2.5,0.0,1.5,0.5,2.5,0.0,7.0,1.0,1.0,0.0,3.0,1.0,2.5,0.0,3.0,1.0,1.5,0.0,3.0,1.0,3.0,0.0,1.0,0.0,3.0,1.0,3.0,0.0,0.5362239227562524,0.0,0.13971618670444602,1.0,0.13853023275624704,1.0,0.8602838132955538,0.0,0.4613432206819711,0.0,0.3989405926135831,0.0,0.06110358110393683,0.5,0.07861260560050919,0.5,0.32524584448750093,0.0,0.24702132428539447,0.0,0.2577703407900166,0.0,0.23580720475121072,0.0,0.025997567747719205,0.010764525331792646,0.041915500832192275,0.013313297760503075,0.041379264682284575,0.01674541981874495,0.0016758380506968985,0.005580217642702981,0.5,0.0,0.3623087193995698,0.0
P365,0.4688418519014278,0.5785188579414996,0.18731684001218563,NaN,0.07616555970134703,0.01254768084548966,0.05698598076603409,0.00010285933939854399,0.005795526748458539,0.0010087762584764745,0.030591656786802476,0.0031178942446976826,0.033172276212804754,0.0,0.04303512083990181,0.006550003789403713,0.05778721935409527,0.009240721264435588,0.0020171345014671233,0.0005224484994055995,6.0,1.5,5.0,2.75,2.0,0.75,5.0,1.0,0.5,1.75,3.5,0.75,1.5,0.0,11.0,4.25,1.0,0.0,5.5,3.0,1.5,0.0,5.5,3.25,3.5,1.0,5.5,3.0,2.0,0.0,3.0,1.25,5.5,3.25,4.0,1.25,0.2653865230915778,0.0,0.3409171976277078,0.9202712373584832,0.3351618300277982,0.9969962023019001,0.6589786139997147,0.07972876264151686,0.17611448228545967,0.052237068845715516,0.4828641317142549,0.027491693795801343,0.1329009631207244,0.4594850074139162,0.20801623450698345,0.46078622994456697,0.3993474585080463,0.003003797698100012,0.08477549598731564,0.0006740466533969648,0.04557146136394624,0.0008988413268508702,0.12495934792072518,0.0003071527309239436,0.03355160929188356,0.006793246915047916,0.0528403874445325,0.007520736856448128,0.14271449104166012,0.04262791877442178,0.0003336210766676002,0.00013637215337532056,0.5,0.0,0.19451415116919174,8.407990411202008e-05
P366,0.42431010263262237,0.47493368336616903,0.23543748776650647,NaN,0.09016472401898398,0.011182080430695743,0.05884453943476646,0.0,0.0037535065279229486,0.0009321163694092761,0.013254040028851131,0.0010967576642846738,0.028927399784378298,0.0,0.019738496278186562,0.002207584525145627,0.025971877289272922,0.0029693251520692427,0.0017604468682939827,0.0008937946887055199,4.0,1.25,4.5,0.75,1.5,0.75,4.0,0.75,0.5,0.0,2.5,0.5,2.0,0.0,8.5,2.0,1.5,0.0,4.0,2.0,2.0,0.0,4.0,2.0,2.5,0.0,4.0,2.0,3.0,0.0,1.0,0.0,4.0,2.0,3.0,0.0,0.4703853523014738,0.0,0.32345820653774404,0.96125,0.32345820653774404,1.0,0.6765417934622557,0.03875000000000001,0.11967346940092369,0.0,0.5568683240613318,0.03875000000000001,0.10073621387747467,0.46125000000000005,0.22272199266026949,0.5,0.2061564411607819,0.0,0.04170778409786271,8.986799371203765e-05,0.01467651693279982,0.0,0.06920005360524234,0.00014938939609009105,0.011649498033843502,0.0034486634206613498,0.02816304041453098,0.001776064582405043,0.08337477593673437,0.011416168633550963,0.00022541668240199617,0.0008852787596602407,0.0,0.0,0.05305568459063749,0.0
P368,0.4394650937978874,0.5844636989450563,0.14710461796313282,NaN,0.06664250722386643,0.01843243678778731,0.03984823228501565,0.006320864112937833,0.0035614136172995117,0.0012471228324853548,0.023933549184816556,0.0035204047319405173,0.06332077633572122,0.0,0.03439586139903386,0.006720627308779573,0.03195542305693362,0.021680502907464753,0.0021514389454364204,0.0009492400572964591,11.0,2.25,12.5,5.0,5.0,0.5,6.5,2.0,6.0,2.75,5.5,1.75,3.0,0.0,23.0,7.0,2.0,0.0,10.5,6.25,3.0,0.0,10.5,6.5,9.5,0.5,3.0,1.5,4.0,0.0,2.0,0.0,11.0,6.5,10.5,0.75,0.3748572232549553,0.0,0.22673064484016203,0.3944502797606606,0.16053652673708715,0.9925328599220525,0.7732693551598381,0.6055497202393394,0.3513275191974657,0.4568309614119429,0.4219418359623722,0.14871875882739644,0.11662589361767364,0.15362934098168257,0.11010475122248833,0.240820938778978,0.4646062500079575,0.007467140077947401,0.12818524281308502,0.010447980985384981,0.12365189925648225,0.015463717834937383,0.13516463183492217,0.004556803611695381,0.03605380611932461,0.0047775282157289725,0.03334259695551117,0.009192007229308961,0.027683405670364238,0.006413068400500392,3.911053611595108e-05,0.00015497170400341107,0.5,0.0,0.29271502104301106,0.00045752685337774237
P369,NaN,0.49050172108247947,NaN,NaN,NaN,0.012632867028251116,NaN,0.010638203813264024,NaN,1.0459873243779573e-05,NaN,1.0459873243779573e-05,0.0,0.0,0.0,0.0,0.0,0.0,NaN,1.0459873243779573e-05,0.0,0.0,0.0,0.5,0.0,0.0,0.0,0.5,0.0,0.0,0.0,0.0,0.0,0.0,0.0,0.5,0.0,0.0,0.0,0.0,0.0,0.0,0.0,0.0,0.0,0.5,0.0,0.0,0.0,0.0,0.0,0.25,0.0,0.0,0.0,0.5,NaN,0.0,NaN,0.0,NaN,0.0,NaN,1.0,NaN,0.0,NaN,1.0,NaN,0.0,NaN,0.0,NaN,1.0,0.0,1.0323344225908856e-05,0.0,0.0,0.0,2.0664555586015898e-05,0.0,0.0,0.0,0.0,0.0,0.0,NaN,1.0459873243779573e-05,0.0,0.0,0.0,4.449187300668347e-05
P370,0.46410602611423885,0.4977283133563538,0.07204331533396827,0.1754955697446507,0.10507445262026816,0.08432204389879232,0.0491783238090128,0.06149184099684318,0.026910193691558913,0.006948646442336608,0.10503022805598156,0.1214531300618105,0.1522791100325057,0.26888223768033864,0.2587363382146646,0.17283164811866958,0.29489481946904716,0.12343979341394071,0.0023935597861575574,0.0004319566130636069,4.0,17.75,9.0,23.5,0.5,11.25,4.5,10.0,3.5,12.5,2.5,5.25,1.5,5.0,11.0,39.0,1.0,4.25,4.0,22.0,1.5,5.0,4.5,22.0,5.0,12.0,3.0,12.0,2.0,5.0,4.5,11.75,5.0,22.75,5.5,12.0,0.387265802999872,0.727375619155469,0.7004975875082547,0.4727661947638909,0.5909325071782712,0.26753526531511795,0.2995024124917445,0.5272338052361095,0.14582551312257055,0.4105810171396497,0.15367689936917378,0.11665278809645982,0.35629987477322334,0.18900936059936035,0.34419771273503186,0.28375683416453074,0.021801689821856915,0.005089115529413167,0.11594608438714285,0.19360596825368737,0.11266844161259934,0.2589294805833591,0.1197120305644373,0.0839080622149066,0.2553704835444399,0.15365777421318833,0.2636834571165838,0.22638018791922154,0.223846933057598,0.06315143657456018,0.00018260840177870797,2.8436146712932256e-06,1.0,0.5,0.0231815423815288,0.009667950991449247
P371,0.5439588180870334,0.5274429361872792,NaN,0.332419982926378,0.007731205493357682,0.05133199005027787,0.0007618617949574548,0.037589399946675206,0.0015376328337664228,0.0019230403835439412,0.008383046089555337,0.028582744287053218,0.0,0.04251605559360653,0.03981351013640417,0.025896755844261123,0.061825764873156275,0.06725140627588246,0.0007430505693547677,0.0004497250992483429,12.5,10.25,9.5,25.5,4.0,4.75,3.5,10.75,6.0,14.5,8.5,5.0,0.0,3.5,22.0,35.0,0.0,2.0,17.0,18.0,0.0,3.5,18.0,19.5,4.0,12.0,18.0,18.5,0.0,4.0,4.5,11.5,18.0,21.0,5.0,14.0,0.0,0.2722015824044989,0.8166849243156281,0.19349173933238328,0.9296132088529778,0.39583090965776546,0.18331507568437194,0.8065082606676166,0.143423437521994,0.4109206939894776,0.03989163816237797,0.3955875666781393,0.2891210842818319,0.07460975040517348,0.5275638400337962,0.11888198892720983,0.07038679114702236,0.3319675079377356,0.010327626987705025,0.10735275055868518,0.016477366809572548,0.12220462473271433,0.0043380266305072905,0.08825271185781494,0.02909106250714131,0.02059772997575451,0.0508530192266361,0.03342252533640111,0.24199594141720332,0.33896337086990525,0.00026685736150322705,4.095306025899828e-06,0.0,0.0,0.018043926674067807,0.16756507770490744
P373,NaN,0.6035866930690347,NaN,NaN,NaN,NaN,NaN,NaN,NaN,2.0810107766629424e-05,NaN,4.4593088071348715e-05,0.0,0.0,0.0,0.0,0.0,0.0,NaN,8.918617614269912e-06,0.0,0.0,0.0,1.5,0.0,0.0,0.0,1.5,0.0,0.0,0.0,0.0,0.0,0.0,0.0,1.5,0.0,0.0,0.0,0.0,0.0,0.0,0.0,0.0,0.0,1.5,0.0,0.0,0.0,0.0,0.0,1.5,0.0,0.0,0.0,1.5,NaN,0.0,NaN,0.0,NaN,0.0,NaN,1.0,NaN,0.0,NaN,1.0,NaN,0.0,NaN,0.0,NaN,1.0,0.0,6.0612650053658785e-05,0.0,0.0,0.0,0.00011271270034845805,0.0,0.0,0.0,0.0,0.0,0.0,NaN,8.918617614269648e-06,0.0,0.0,0.0,0.0002903544194488753
P374,0.5058663997187429,0.5143481042447251,0.0961188763281806,0.34846202512521623,0.0757593457281974,0.07419932707664588,0.03767136979448573,0.04804414621650257,0.013563730005275644,0.005767196775476907,0.07101998364947504,0.03193895790358157,0.023068213762369665,0.04934628273879936,0.22001245981441156,0.08757517585697668,0.23727051642477293,0.14318993313774372,0.005472586496537833,0.0023865426672147255,5.5,6.25,8.5,11.25,3.0,2.75,4.5,5.25,3.5,5.25,2.5,3.25,0.5,3.75,13.5,16.5,0.5,2.0,5.5,10.0,0.5,3.75,8.0,10.75,4.5,2.0,7.5,10.25,2.0,4.0,3.5,1.75,9.0,12.25,5.5,3.75,0.06171535025372529,0.28845587352628627,0.7393734390877783,0.49864065337294416,0.8289423182032479,0.6530596288873876,0.2606265609122216,0.5013593466270558,0.10518286617963504,0.288981184327887,0.15544369473258654,0.2123781622991689,0.31402067515035886,0.15706647273667626,0.42535276393741994,0.3415741806362678,0.13736605212707137,0.05848449758632622,0.07553650356217516,0.08672213909576174,0.0547596500325787,0.09487397335619592,0.09534408544227899,0.07019897382098697,0.19800656131944797,0.06833085276055922,0.24206063973630876,0.12269090342648431,0.4259046147021157,0.34072513476379707,8.180620537525669e-06,3.350439787110591e-05,0.0,0.0,0.14074790237859425,0.0484669769693738
P375,0.41897975465703796,0.4231260145996729,0.11647736136021636,0.2486569087014012,0.08969507680736391,0.15610924786167013,0.05846794141681479,0.14063474367947287,0.008330683216866695,0.0014451055387770789,0.03687663732269712,0.016879311438530973,0.038363988561801336,0.0264365814451657,0.0605803642700257,0.004222155584546963,0.06684287883074047,0.006140269446383774,0.002037557134203426,9.137381349496012e-05,4.5,1.0,2.5,10.25,1.0,0.25,1.0,4.25,1.5,6.0,3.0,0.5,1.5,5.0,6.5,11.0,1.0,4.5,3.5,5.75,1.5,5.0,3.5,5.75,1.5,0.25,3.5,4.75,1.5,5.0,1.0,0.25,3.5,6.25,2.0,0.25,0.3535980254294252,0.8559406945401713,0.5536813854463878,0.1179181139712587,0.45451917922364143,0.14390400184125454,0.44631861455361194,0.8820818860287414,0.19108085668865876,0.40406771686686616,0.25523775786495306,0.4780141691618753,0.2547293278225523,0.06053819745090063,0.29895205762383537,0.057379916520358065,0.1918827953469332,0.00015530361857431802,0.04784825260330104,0.02717097826196689,0.03956887377398723,0.028197332115980394,0.05673559561829564,0.022727374486175945,0.05322718860200638,0.0037052245156084505,0.0686627592036947,0.0051880721207535774,0.1412759345408736,0.016560373332393533,0.0003579492262789807,4.860658573029109e-06,0.5,0.0,0.07829805485283005,3.7902626560401683e-05
P376,0.4189744962024041,0.4745167601980678,0.05274744319898895,0.06781031570810353,0.07493420735060909,0.1688652939605712,0.0119829394725356,0.001610828913348035,0.07824562212810701,0.16914106847489757,0.748329030866326,0.6811964710593597,0.9837302554421439,0.9268959070300561,0.8304779348616567,0.7846175225117429,0.6402541844816276,0.5929891425350708,3.2220501829381164e-05,0.09968573735041608,4.5,2.75,6.5,4.75,3.5,1.0,2.5,2.5,3.0,1.25,1.0,1.75,1.0,1.0,10.0,6.5,0.0,0.0,3.0,2.5,1.0,1.0,3.5,2.5,5.5,3.0,2.0,3.25,1.5,1.0,6.0,3.0,4.5,3.5,6.5,4.0,0.6310577621124129,0.656894354776042,0.5347427638013257,0.561521728488004,0.3048479611089627,0.3302935145968887,0.46525723619867476,0.43847827151199675,0.22019283333833642,0.22125295475481893,0.24506440286033854,0.2172253167571779,0.2648796165126626,0.25891942451308725,0.2698631472886629,0.3026023039749167,0.0640942767786251,0.012812130627070237,0.7258822149848537,0.6223083743978819,0.7078394883130852,0.6214964168848731,0.7430597813378684,0.572292863634855,0.8720978996246098,0.7432969749327887,0.7924024214082919,0.8320248343834915,0.18148793160071763,0.12957736669982578,5.771672877043863e-06,7.007918562981734e-06,1.0,1.0,0.3912780278915958,0.08451749944468526
P378,0.4224678117776815,0.5276343731836783,0.17624960970492098,NaN,0.06993401843756714,0.033974341388988145,0.0,0.0,0.08201282278228106,0.009490525989270117,0.19023148610416685,0.019652184239128824,0.2714204516136548,0.0,0.3421016805823388,0.04811872921129405,0.365530602115274,0.06363977380367196,0.06889764270107795,0.006205415249541136,2.5,2.75,3.0,1.0,0.5,0.75,1.0,0.75,1.5,0.25,1.0,2.0,1.0,0.0,4.0,3.75,0.0,0.0,1.5,3.5,1.0,0.0,2.0,3.5,1.0,0.25,2.0,3.5,1.5,0.0,2.0,0.25,2.0,3.5,2.0,0.25,0.4151223541496744,0.0,0.5227859111974286,0.9507022797898067,0.4166399237466108,0.9999556698288855,0.4772140888025723,0.049297720210193255,0.2155004071896397,0.024935721251884046,0.2617136816129323,0.02436199895830921,0.24750275139073202,0.4139131326422145,0.2752831598066956,0.5367891471475922,0.16823772210371513,4.4330171114461566e-05,0.31394787776572647,0.0029263404290047383,0.27087829043572925,0.0030655463685311376,0.3611409667922394,0.0020379590460535488,0.31226686902344314,0.049795584718295115,0.3745218916757916,0.05854821323534975,0.4380902162767701,0.10911823587210388,2.4519622801514388e-05,0.005079761157232803,1.0,0.0,0.4361926557972191,1.5693071258397644e-05
P379,0.4171187193805014,0.5233217221023789,0.03381644637729035,0.20577684085779915,0.017069721252953998,0.14434157466945285,0.0,0.05361696315347808,0.26011840463630254,0.07407102901976623,0.8871725274423121,0.525417945926731,0.980602369001424,0.6221833309033542,0.9109820795399681,0.7158831462458,0.8002527701871051,0.5470700422859183,0.002229481106813816,0.002695533870403119,1.5,3.25,3.5,7.5,1.0,2.25,0.0,3.25,2.0,3.25,0.5,1.0,1.0,2.0,3.5,9.75,0.0,1.0,1.5,2.75,1.0,2.0,1.5,2.75,1.0,5.0,4.0,2.75,1.0,2.0,2.0,5.0,2.5,4.0,2.0,5.0,0.5486214035700088,0.5835926737255823,0.5149568813197968,0.6778841541863772,0.3310706318252612,0.4163184213467821,0.48504311868020256,0.3221158458136215,0.2592157660892937,0.1692888960803708,0.2258273525909092,0.15282694973325106,0.25040344208127285,0.3196269295062775,0.2645534392385238,0.35825722468009974,0.12030796460472935,8.890492763548394e-05,0.8719545325517595,0.34453768034836474,0.9328198646497762,0.3241745380773007,0.8100075543118643,0.29617465399405085,0.8892833772089064,0.7294156921568105,0.9343799980546204,0.7557382811095521,0.47000983455917755,0.27161057058714855,7.227040323290186e-06,3.078741473704475e-06,1.0,1.0,0.8107864989269559,0.0005343596809265185
P380,0.536865975997924,0.444579999252277,0.26977247188974474,0.14776961533571104,0.04906686355094404,0.11974757907930715,0.028061640226479653,0.0923925223038213,0.022977998879970797,0.006379653251071737,0.31287288706195804,0.025038937526743764,0.44712752082300344,0.016237392107388778,0.2678312968191016,0.06095365620595437,0.21848834937452466,0.07807823429700442,0.0018558691822515576,0.0033750889117032104,9.5,4.0,9.0,4.0,6.0,1.25,5.5,1.5,3.5,2.5,2.0,1.75,2.5,1.5,17.0,7.0,1.0,1.5,11.5,5.0,2.5,1.5,13.5,5.5,0.5,0.0,13.5,5.5,3.5,2.0,3.5,0.0,15.5,5.5,3.5,0.0,0.5733889702130135,0.20634971073663674,0.34009279378608526,0.7846076612935574,0.20821610452584854,0.7936502892633632,0.659907206213915,0.21539233870644253,0.2993377363722185,0.18440270717727258,0.36056946984169624,0.03098963152916996,0.14343386903244093,0.3173810399315672,0.19665892475364438,0.4672266213619901,0.21839492526113752,0.0,0.5085029274632817,0.017325724101889983,0.4433374101594345,0.028603294996818435,0.5779619673599578,0.004415575808105503,0.21884659788373423,0.05023387634369575,0.32242218362611585,0.07910721636647874,0.31539840197351254,0.09516860077798742,7.437408159053637e-06,0.0002126391716216913,1.0,0.0,0.654246660958542,0.0
P381,0.46707326301024665,NaN,NaN,NaN,NaN,NaN,NaN,NaN,1.1707591202135602e-05,NaN,1.1707591202135602e-05,NaN,0.0,0.0,0.0,0.0,0.0,0.0,1.1707591202135602e-05,NaN,0.0,0.0,0.5,0.0,0.0,0.0,0.5,0.0,0.0,0.0,0.0,0.0,0.0,0.0,0.5,0.0,0.0,0.0,0.0,0.0,0.0,0.0,0.0,0.0,0.5,0.0,0.0,0.0,0.0,0.0,0.5,0.0,0.0,0.0,0.5,0.0,0.0,NaN,0.0,NaN,0.0,NaN,1.0,NaN,0.0,NaN,1.0,NaN,0.0,NaN,0.0,NaN,1.0,NaN,1.158536810411959e-05,0.0,0.0,0.0,2.4881750093217127e-05,0.0,0.0,0.0,0.0,0.0,0.0,0.0,1.1707591202135602e-05,NaN,0.0,0.0,4.1853595095268684e-05,0.0
P384,0.4379134605680993,0.4424343346841542,0.1668676886239196,0.29468499479179533,0.09832192354349606,0.16051941589071178,0.04277371863213114,0.12134330984414249,0.014129649571969018,0.006178197561661871,0.042036448320748085,0.07588531312283751,0.06346915334221044,0.19566624429068175,0.09836377739072209,0.08660444032123418,0.1438551145171143,0.08965807190214259,0.007143842968390892,0.0007731907690481386,2.5,7.5,7.5,15.5,1.0,2.5,3.0,9.25,4.5,6.0,1.5,3.5,1.5,7.5,10.0,21.25,0.5,5.5,2.0,5.75,1.0,7.25,2.5,6.25,5.5,7.75,2.5,4.5,3.0,7.75,4.5,7.75,3.5,8.0,7.0,7.75,0.22567460345772394,0.7302081079304996,0.3568060705107628,0.28965178778741596,0.3915577670402487,0.26721099178892926,0.6431939294892373,0.7103482122125838,0.3589434071801949,0.3251221438001897,0.2842505223090426,0.38522606841239404,0.15099462300170702,0.15257811342064972,0.20581144750905572,0.13707367436676626,0.3827676295020275,0.0025809002805708857,0.18318352308749286,0.17801920247822658,0.19705362164233026,0.16482361566764647,0.16835713993890183,0.18535874527247825,0.08484667289666445,0.07658669480739363,0.11705962577980905,0.10522449555686807,0.1336926766313005,0.08632697414876786,1.689377172105325e-05,8.473599014853465e-05,0.0,0.5,0.4742875021518402,0.0036130025171835912
P385,0.4231853296139756,0.50547994567955,0.1769933484871784,0.37546266232506564,0.16001303600461922,0.0520415178905842,0.10889105616136982,0.03660393588407798,0.005541065633563737,0.01153323122293911,0.019136431858067147,0.11219440677658528,0.04108350126277979,0.11155504459495941,0.01976624586300542,0.013454328254694139,0.023769355968475913,0.040802475357054835,0.003693862702352217,0.0005868395385607958,1.5,3.25,10.0,11.0,1.0,1.25,3.5,4.0,6.5,6.25,0.0,1.75,2.0,2.5,11.0,13.25,1.0,0.75,1.0,6.5,2.0,2.5,1.0,7.25,8.0,3.5,1.0,7.5,3.5,3.75,5.5,4.0,1.0,10.0,9.0,4.75,0.3232315665115846,0.3791064257237917,0.16428479056643336,0.04508194899502466,0.14972936393226863,0.11115171066277915,0.8357152094335667,0.9549180510049755,0.5480155378615602,0.49309051434873274,0.2876996715720066,0.4618275366562432,0.15614125055392108,0.014446863142323326,0.008143540012512277,0.030635085852701333,0.5270390695561468,0.5097418636134298,0.10213001880894004,0.2691415408099584,0.15510268141333747,0.2979490939235242,0.058916883072550885,0.270278660341729,0.039389055669213024,0.008963616365809831,0.0022481087182925526,0.01627418367532388,0.032284860771733696,0.11074325618300254,7.066973578835015e-05,6.197786460785275e-06,0.5,0.0,0.23735738214427615,0.5985101137220847
P386,0.5322996991389062,0.5205845984195353,0.38651296984660954,0.3326040005628737,0.0420886169571372,0.06991828393733371,0.029610527271000105,0.038985873370124505,0.0027930426509138063,0.007602458624834,0.02418250167361858,0.09339555104279042,0.013013785019640125,0.1829554588880602,0.04334202363267933,0.024378468737151576,0.07469713822403364,0.0765108943140973,0.001184407024048614,4.9304201232040824e-05,8.0,5.5,14.0,15.0,4.0,3.5,6.0,5.0,8.0,10.0,3.0,1.0,2.0,3.0,21.0,19.5,1.0,1.0,13.0,7.5,2.0,3.0,14.0,8.5,5.0,8.0,13.0,8.0,3.0,3.0,6.0,9.5,15.0,10.5,7.0,10.0,0.11039604947162268,0.6439570208317094,0.37029143682809157,0.08624640356348255,0.47407897312921393,0.20398681500374033,0.6297085631719083,0.9137535964365175,0.5390895951747107,0.376685636461722,0.09061896799719824,0.5370679599747956,0.23745235619084884,0.06591816230409983,0.13283908063724273,0.020328241259382714,0.41552497739916316,0.15205616416455014,0.07403378138354064,0.2566516124271545,0.1304994431131517,0.20717427918180242,0.020714233132177337,0.2882535165775573,0.05775236157219689,0.03743658134730968,0.029973307341560066,0.009880022045612731,0.24287772901157811,0.05588895683939662,1.0299191513466102e-05,1.096136189366887e-05,0.0,0.0,0.1872176437387298,0.16632100389050772
P387,NaN,NaN,NaN,NaN,NaN,NaN,NaN,NaN,NaN,NaN,NaN,NaN,0.0,0.0,0.0,0.0,0.0,0.0,NaN,NaN,0.0,0.0,0.0,0.0,0.0,0.0,0.0,0.0,0.0,0.0,0.0,0.0,0.0,0.0,0.0,0.0,0.0,0.0,0.0,0.0,0.0,0.0,0.0,0.0,0.0,0.0,0.0,0.0,0.0,0.0,0.0,0.0,0.0,0.0,0.0,0.0,NaN,NaN,NaN,NaN,NaN,NaN,NaN,NaN,NaN,NaN,NaN,NaN,NaN,NaN,NaN,NaN,NaN,NaN,0.0,0.0,0.0,0.0,0.0,0.0,0.0,0.0,0.0,0.0,0.0,0.0,NaN,NaN,0.0,0.0,0.0,0.0
P388,0.456212011961072,0.37301271457428414,0.14562127567883498,0.23889000175401978,0.036717569538589734,0.1386810308664924,0.004830859571021664,0.0242837486021687,0.07814184588469437,0.07433092025981675,0.4845737155671591,0.14157329658488715,0.6536506142353695,0.2680596243046691,0.4663006522301072,0.32728474499892074,0.38638531523945074,0.2234789861653039,0.007209165786947661,0.05815212507568103,8.0,2.0,2.0,1.5,2.5,0.75,0.0,0.75,1.5,0.5,4.5,1.0,1.0,1.0,8.5,3.0,0.0,0.25,6.0,0.75,1.0,1.0,7.0,2.0,0.5,0.0,5.0,2.0,1.5,2.25,1.5,0.0,8.0,2.75,1.5,0.0,0.5539984642273921,0.5202671316167254,0.3989072476012888,0.8398806433881207,0.25212190045996097,0.4797328683832741,0.6010927523987113,0.1601193566118792,0.3348928327149183,0.033212212067593505,0.2661999196837931,0.12690714454428575,0.22061609527384285,0.29524923749008053,0.17829115232744594,0.5446314058980402,0.19387963531264701,0.0,0.694741476713509,0.11314116556762234,0.7857695800611357,0.0485183366975264,0.6066970538518279,0.17625625676460874,0.5183389963420068,0.2766446536942761,0.41440370732302256,0.42218068288929855,0.35443292190555914,0.1129187076503112,1.3287215809299493e-05,0.03504243196364608,1.0,0.25,0.8781221207423389,0.0
P389,0.3071086492936891,NaN,0.15097235356771105,NaN,0.2788410204863839,NaN,0.22427769562190064,NaN,0.0028937013247848243,NaN,0.005198522730374893,NaN,0.005208353771831558,0.0,0.0,0.0,0.0,0.0,0.0028937013247848243,NaN,0.0,0.0,1.0,0.0,0.0,0.0,0.0,0.0,1.0,0.0,0.0,0.0,0.5,0.0,1.0,0.0,0.5,0.0,0.0,0.0,0.5,0.0,0.0,0.0,0.5,0.0,0.0,0.0,0.5,0.0,0.5,0.0,0.0,0.0,0.5,0.0,0.8982479784366576,NaN,0.0,NaN,0.0,NaN,1.0,NaN,0.6010780716339791,NaN,0.3989219283660209,NaN,0.0,NaN,0.0,NaN,0.10175202156334227,NaN,0.005937918036226735,0.0,0.00738925111901946,0.0,0.004581924613084831,0.0,0.0,0.0,0.0,0.0,0.0,0.0,0.0005888799191947551,NaN,0.0,0.0,0.0027798584163574356,0.0
P390,NaN,NaN,NaN,NaN,NaN,NaN,NaN,NaN,NaN,NaN,NaN,NaN,0.0,0.0,0.0,0.0,0.0,0.0,NaN,NaN,0.0,0.0,0.0,0.0,0.0,0.0,0.0,0.0,0.0,0.0,0.0,0.0,0.0,0.0,0.0,0.0,0.0,0.0,0.0,0.0,0.0,0.0,0.0,0.0,0.0,0.0,0.0,0.0,0.0,0.0,0.0,0.0,0.0,0.0,0.0,0.0,NaN,NaN,NaN,NaN,NaN,NaN,NaN,NaN,NaN,NaN,NaN,NaN,NaN,NaN,NaN,NaN,NaN,NaN,0.0,0.0,0.0,0.0,0.0,0.0,0.0,0.0,0.0,0.0,0.0,0.0,NaN,NaN,0.0,0.0,0.0,0.0
P393,0.4401163099452787,0.38453770245337704,0.15711626652040211,NaN,0.06768695167537435,0.05828083112489522,0.022715587451324026,0.0,0.024497809391541545,0.03518504123636215,0.12484853994624101,0.03518504123636215,0.21565403663990237,0.002033127209063977,0.11934686317871178,0.0700067985034556,0.13757961061297044,0.08674229763743176,0.006656753371207778,0.03518504123636215,3.0,1.0,6.0,0.0,0.5,0.75,5.0,0.0,1.0,0.0,1.5,0.25,1.0,0.0,8.0,1.0,0.5,0.0,3.0,0.5,1.0,0.0,4.5,1.0,2.5,0.0,4.5,1.0,2.0,0.5,3.5,0.0,4.5,1.0,4.0,0.0,0.5105878418146094,0.02096155924457578,0.33802705736970773,1.0,0.33323747988662356,0.9790384407554241,0.6619729426302923,0.0,0.1851184997090059,0.0,0.4768544429212863,0.0,0.06728155177707171,0.6218629126448519,0.2707455055926359,0.37813708735514756,0.15617467829876672,0.0,0.2740755185667433,0.0,0.18752296722115167,0.0,0.374949687654889,0.0,0.060287882527556486,0.09862928613607642,0.19400888748431627,0.054166630440519545,0.13591614477573505,0.04611178585480942,0.00036589100537878766,0.03518504123636215,0.5,0.0,0.2888680925459815,0.0
P397,NaN,NaN,NaN,NaN,NaN,NaN,NaN,NaN,NaN,NaN,NaN,NaN,0.0,0.0,0.0,0.0,0.0,0.0,NaN,NaN,0.0,0.0,0.0,0.0,0.0,0.0,0.0,0.0,0.0,0.0,0.0,0.0,0.0,0.0,0.0,0.0,0.0,0.0,0.0,0.0,0.0,0.0,0.0,0.0,0.0,0.0,0.0,0.0,0.0,0.0,0.0,0.0,0.0,0.0,0.0,0.0,NaN,NaN,NaN,NaN,NaN,NaN,NaN,NaN,NaN,NaN,NaN,NaN,NaN,NaN,NaN,NaN,NaN,NaN,0.0,0.0,0.0,0.0,0.0,0.0,0.0,0.0,0.0,0.0,0.0,0.0,NaN,NaN,0.0,0.0,0.0,0.0
P398,0.5349740906331467,0.4940844067577067,0.20847438231284265,NaN,0.022808900888432636,0.025325559658214,0.002839667175578619,0.0011017706903113655,0.005291306543696651,0.0022129081383412672,0.03435665685905276,0.006019288303750273,0.014569984670443417,0.0,0.08457066653762636,0.014330624271940828,0.11566283493978029,0.01912031604062942,0.00029627454374525446,0.0016787060126247373,5.0,2.0,4.5,3.75,2.5,1.5,3.0,2.75,1.5,1.0,2.0,0.5,0.5,0.0,9.0,5.75,0.0,0.0,6.0,2.25,0.5,0.0,6.5,2.25,2.0,3.5,6.5,2.0,1.0,0.0,2.5,3.5,6.5,2.25,3.0,3.5,0.07945937805187706,0.0,0.8720576244732361,0.994634907312801,0.8736938295747139,0.9948675375857539,0.12794237552676374,0.0053650926871989585,0.04966730472619138,0.0017490603561523834,0.0782750708005726,0.003616032331046576,0.6339042598475203,0.7276111629568792,0.23815336462571546,0.2670237443559217,0.0,0.005132462414246105,0.023219690238645695,0.00012359725617956143,0.017709218727930204,7.47581833779223e-05,0.02893205227805304,0.00016338584681789377,0.10796815416477847,0.01789391149957314,0.06263900149977346,0.012690875113353097,0.17402544235362225,0.014217987927469868,1.536726148058842e-05,0.001673592910907023,0.0,0.0,0.0,0.00048024109585855266
P399,NaN,NaN,NaN,NaN,NaN,NaN,NaN,NaN,NaN,NaN,NaN,NaN,0.0,0.0,0.0,0.0,0.0,0.0,NaN,NaN,0.0,0.0,0.0,0.0,0.0,0.0,0.0,0.0,0.0,0.0,0.0,0.0,0.0,0.0,0.0,0.0,0.0,0.0,0.0,0.0,0.0,0.0,0.0,0.0,0.0,0.0,0.0,0.0,0.0,0.0,0.0,0.0,0.0,0.0,0.0,0.0,NaN,NaN,NaN,NaN,NaN,NaN,NaN,NaN,NaN,NaN,NaN,NaN,NaN,NaN,NaN,NaN,NaN,NaN,0.0,0.0,0.0,0.0,0.0,0.0,0.0,0.0,0.0,0.0,0.0,0.0,NaN,NaN,0.0,0.0,0.0,0.0
P400,0.4390875251365767,0.47631936672672687,0.03203886429653063,0.2100637738307146,0.15702953309222148,0.16450934146114962,0.0,0.04091626355361956,0.12801845526129801,0.09287892168599039,0.6604177999275102,0.3060776271722609,0.8084777466961022,0.5487679415761658,0.664734693058071,0.559909993002679,0.5230267494224962,0.6477997900376655,0.007229637633072643,0.06170703293780311,3.0,4.666666666666667,3.6666666666666665,9.833333333333334,0.6666666666666666,1.5,2.3333333333333335,2.6666666666666665,1.0,5.833333333333333,1.6666666666666667,2.0,1.0,2.3333333333333335,5.666666666666667,12.0,0.0,0.8333333333333334,2.0,3.1666666666666665,1.0,2.1666666666666665,2.0,4.166666666666667,2.6666666666666665,5.666666666666667,3.3333333333333335,5.333333333333333,1.0,3.1666666666666665,3.3333333333333335,5.666666666666667,3.0,6.166666666666667,3.6666666666666665,6.166666666666667,0.5899319495654697,0.49680395293166363,0.4928133761016576,0.5204857674609268,0.3004798404998954,0.49852899258317596,0.5071866238983437,0.47951423253907394,0.261180019320241,0.20879353222054808,0.24600660457810242,0.2707207003185258,0.23802194964960102,0.25948856122509495,0.2547914264520567,0.26099720623583234,0.10958820993463671,0.004667054485160944,0.703150390219558,0.5104572313019569,0.7031796962712816,0.44660161386072433,0.703403426183847,0.554541836105635,0.6178460637130896,0.5631405927936771,0.7156168802833673,0.5673673018037277,0.44701987580987446,0.5657414234247361,0.00029434114373222956,0.0010786394367145508,1.0,0.6666666666666666,0.6921013343210461,0.023681666180317248
P401,0.456282121097645,0.49662623803441297,0.11320756906852797,0.2497173389390271,0.06150590585553816,0.07629460684276165,0.006823698408258206,0.03933455975243046,0.08981954099638911,0.010358208664255285,0.3838499839235867,0.09974222441530804,0.538501207313095,0.19479154466761067,0.5632266295355224,0.23025262770989244,0.5356133243956069,0.25301776346283,0.023872837652806095,0.0016406268713721921,2.5,8.25,5.0,17.0,1.5,3.5,0.5,8.75,3.5,7.75,0.5,3.25,1.0,2.0,6.0,23.25,0.0,1.25,1.5,11.25,1.0,1.75,3.0,12.75,1.0,8.5,4.0,10.0,2.5,4.25,2.5,6.5,5.0,13.75,3.0,9.5,0.4952158981018707,0.4411218974335015,0.5178162371013391,0.5248993840868224,0.386632136848142,0.4563709212406917,0.4821837628986606,0.47510061591317737,0.2233451277034305,0.20920016665290816,0.2588386351952305,0.26590044926026934,0.2437571419416337,0.22600309766803273,0.2740590951597046,0.29889628641878946,0.11815196504998693,0.10250718132580625,0.5150385598131412,0.2088934795510948,0.46689727577532786,0.1737990914332777,0.5644922002710717,0.2301856049286902,0.5283886116718841,0.2018355134406562,0.5994551830948085,0.28013745649750976,0.3148096323477658,0.29526174988062925,0.003628417226713288,4.374939193717221e-06,1.0,0.5,0.5562212712108083,0.21626382637307992
P402,0.41617647717912043,0.43397988378781394,0.022925952388349533,0.13726333065886395,0.03549209728906399,0.13271479729350236,0.0,0.0,0.23555166202066277,0.15010924397849656,0.7813999790589733,0.5593155663091904,0.9579998754095684,0.8030331766021677,0.809160545396943,0.6553895351119919,0.6000411548867786,0.5806438688712395,0.007407831529111547,0.03799782578325329,2.5,4.0,2.5,3.0,1.5,1.5,0.5,1.0,1.0,0.5,0.5,1.75,1.0,1.0,3.5,4.75,0.0,0.0,1.5,2.5,1.0,1.0,1.5,3.25,1.0,0.5,2.5,4.75,1.0,1.5,2.0,0.5,2.5,4.5,2.0,1.25,0.6055731067547891,0.6236591750449625,0.5145737932887232,0.5083464244439413,0.29242022365132214,0.3482362622158347,0.4854262067112758,0.49165357555605704,0.23709290108670752,0.2558896627900071,0.2483333056245683,0.23576391276605044,0.2506082203747934,0.24357889330950222,0.2639655729139294,0.2647675311344392,0.10200666959388635,0.028104562739201717,0.7806916869312905,0.6418638111044672,0.7736668620146703,0.6375259752521524,0.7868798259723291,0.6032473249335907,0.8120786823379675,0.6770079846806734,0.8106510242545121,0.6893061885732403,0.36400158135602634,0.4000564425125249,0.0017497983152266294,0.007838427929292074,1.0,1.0,0.7548209403727699,0.18127493224389923
P403,0.46078622405951,0.40560638271270444,0.20813179617098312,0.16642092199262376,0.10168653205984529,0.13301461879090068,0.02792048962138887,0.05381065492485204,0.042696732197170295,0.03928540594512473,0.2817952609070553,0.08946071575249893,0.41274577703918425,0.2163113601072088,0.47209038626080935,0.1989042653065982,0.3388029142818204,0.12618176347726037,0.010338760035417048,0.038614308515778795,4.0,3.5,6.5,6.75,2.0,1.25,2.0,2.75,3.5,3.5,2.0,1.5,2.0,2.75,9.5,9.0,0.5,1.5,3.5,4.75,2.0,2.25,4.0,5.75,3.5,1.0,5.0,5.5,3.0,4.25,1.0,0.0,5.0,6.0,5.5,1.5,0.594400888498106,0.6739035502732357,0.6715312673365129,0.6204335992620209,0.3615079305913004,0.3120161836685691,0.3284687326634851,0.3795664007379793,0.152764068261696,0.21806401833285086,0.1757046644017891,0.16150238240512846,0.30787747740323257,0.2898357061736384,0.3636537899332805,0.3305978930883823,0.044091180910592546,0.014080266058195253,0.22362270389748456,0.12068246657641515,0.20902887818192684,0.12925492131202163,0.23806514340905874,0.09928384259531947,0.4378276390028131,0.18935070129177822,0.5044766517282202,0.2364584002417743,0.33535761479884163,0.10570642297064128,0.00022528276078268147,0.00804630971231187,1.0,1.0,0.11057119308832326,0.018561395562477174
P404,0.44387722868735957,0.5243634786587363,0.14554070317567824,0.3518792248424275,0.06656801939659017,0.0621992301580035,0.04466860408207123,0.05003258380989574,0.007200068443168701,0.0016288806907652719,0.037586511026066485,0.010693392274875074,0.06405860780922236,0.020434316905896983,0.07075125701439858,0.0350554127909894,0.10274011258838238,0.0640669177538794,0.0033130223349665724,0.0004957741727398332,5.0,9.25,5.5,7.25,2.5,4.25,2.5,4.0,2.5,2.25,2.0,4.5,1.0,3.75,9.5,15.0,0.5,3.5,8.5,10.75,1.0,3.75,8.5,11.25,0.0,0.0,7.0,8.0,1.0,4.25,0.0,0.0,8.5,11.5,0.5,0.0,0.3807489577392576,0.23316321592525677,0.5744544433027098,0.583688594103424,0.5916741124290866,0.7668367840747433,0.42554555669729033,0.4163114058965761,0.14839817609713002,0.1388158835907145,0.2771473806001603,0.27749552230586155,0.3017230469896271,0.17992092624783057,0.2727313963130828,0.4037676678555935,0.027576929831655866,0.0,0.07612718392379916,0.03551970751282777,0.07508027184188462,0.03244349712465956,0.07723626496728142,0.03072083667417417,0.07076889761139783,0.028919744070434992,0.07071929092713626,0.04747056653358217,0.18369676694321063,0.11205450190550112,0.0014867282571055943,7.039233771049607e-06,0.5,0.0,0.02647404932190706,0.0
P405,0.5034223661417512,0.4167651353215798,0.04631342753052424,0.24066755991753516,0.033158274256390424,0.14774242509111232,0.006281142204464851,0.11039812479793672,0.06338150431048084,0.02111351511203582,0.48802219294431315,0.2302773183452483,0.6262917973894636,0.3713161494750164,0.48635164555034194,0.2852780409858549,0.3587034400715239,0.24356574324231395,0.012477560110825205,0.0012674016819361228,5.5,7.333333333333333,6.5,9.666666666666666,3.0,2.5,3.0,5.5,2.0,4.0,1.5,3.6666666666666665,1.0,6.0,9.5,15.666666666666666,0.0,5.166666666666667,4.5,5.166666666666667,1.0,6.0,6.0,6.166666666666667,1.5,3.1666666666666665,8.0,6.166666666666667,1.5,7.166666666666667,3.0,2.3333333333333335,8.5,7.166666666666667,3.0,4.0,0.5505673235430177,0.5922388255839593,0.42877016247481364,0.4924203661634194,0.29621101709549197,0.30010004453593625,0.5712142118785374,0.5075636996429181,0.3084693833295262,0.26073342310483727,0.262744828549011,0.24683027653808085,0.23183860940385365,0.24041313042095047,0.19693155307095978,0.25200723574246875,0.15902548854828513,0.1076451956864417,0.6550200025572965,0.3349982658467648,0.6853832579143171,0.337318298273064,0.6237131446429025,0.32845275573878285,0.5127871866079896,0.29480992464559647,0.46643103768548094,0.29586773774159797,0.5624895916363685,0.27651293665389004,1.0783619771550963e-05,8.869042069981058e-06,1.0,0.6666666666666666,0.7611986352905353,0.25549112756051134
P406,0.41368934389643736,0.3544446296625461,0.09540982628438278,0.2614631219131975,0.07852022438254593,0.15253299450339433,0.03480354175016216,0.01796134031968837,0.16623687092059836,0.159332139909575,0.5725212962514828,0.23942330573430937,0.7460394900971705,0.2981008192809103,0.5223785926457741,0.42804883467265603,0.37049518679200083,0.25933506962592007,0.014007184411792037,0.1337525838504741,3.0,1.5,2.6666666666666665,0.6666666666666666,1.3333333333333333,0.6666666666666666,1.3333333333333333,0.0,1.3333333333333333,0.3333333333333333,0.3333333333333333,0.6666666666666666,1.3333333333333333,0.6666666666666666,4.333333333333333,1.6666666666666667,0.0,0.0,2.0,0.3333333333333333,1.3333333333333333,0.8333333333333334,2.3333333333333335,0.6666666666666666,0.6666666666666666,0.0,3.0,1.3333333333333333,1.3333333333333333,1.1666666666666667,2.0,0.0,3.6666666666666665,1.5,2.0,0.0,0.6284599571330838,0.5576383737308381,0.4343717333704687,0.9287955982064829,0.22830671251002968,0.44178094091090586,0.5656282666295308,0.07062371643526173,0.29956985909897055,0.04488828236328282,0.26605840753056054,0.02573543407197892,0.21496887439516796,0.5229047817394973,0.2194028589753009,0.40589081646698505,0.1432333303568862,0.0,0.6777433944501459,0.06263446130731028,0.7008016538322472,0.07304829517056517,0.6541324311140796,0.04920023227271514,0.5106847709027466,0.47218034968821204,0.5349081737924138,0.42501560246250647,0.2471480524338364,0.15333419282205443,0.003277601138645987,0.1048205301439415,1.0,0.3333333333333333,0.7003684196517126,0.0
P407,NaN,NaN,NaN,NaN,NaN,NaN,NaN,NaN,NaN,NaN,NaN,NaN,0.0,0.0,0.0,0.0,0.0,0.0,NaN,NaN,0.0,0.0,0.0,0.0,0.0,0.0,0.0,0.0,0.0,0.0,0.0,0.0,0.0,0.0,0.0,0.0,0.0,0.0,0.0,0.0,0.0,0.0,0.0,0.0,0.0,0.0,0.0,0.0,0.0,0.0,0.0,0.0,0.0,0.0,0.0,0.0,NaN,NaN,NaN,NaN,NaN,NaN,NaN,NaN,NaN,NaN,NaN,NaN,NaN,NaN,NaN,NaN,NaN,NaN,0.0,0.0,0.0,0.0,0.0,0.0,0.0,0.0,0.0,0.0,0.0,0.0,NaN,NaN,0.0,0.0,0.0,0.0
P408,0.46758412144906086,0.46143698825077184,0.1050141579918944,0.2271003767545264,0.03442528906598788,0.1029435341380338,0.009619589741995367,0.05595135396395978,0.11518524329510153,0.012650463248971018,0.6560128178646993,0.07211829166734275,0.8864096754249235,0.2662516743582538,0.683904671313206,0.17341238818595137,0.4123919046355536,0.23376554728748503,0.004923881263541231,0.00353275267115856,4.333333333333333,11.666666666666666,4.0,9.5,2.0,4.833333333333333,1.6666666666666667,4.0,1.6666666666666667,4.666666666666667,1.3333333333333333,4.5,1.3333333333333333,4.666666666666667,6.666666666666667,18.0,0.0,3.1666666666666665,3.6666666666666665,10.666666666666666,1.3333333333333333,4.666666666666667,4.0,12.333333333333334,1.3333333333333333,0.8333333333333334,4.666666666666667,10.833333333333334,1.3333333333333333,6.5,2.3333333333333335,0.3333333333333333,5.333333333333333,13.166666666666666,2.3333333333333335,2.3333333333333335,0.6416607384207612,0.6035898519942157,0.5020380201175259,0.390235234314368,0.22862666243107788,0.38710914636409316,0.49796197988247853,0.6097612476728519,0.24925108185436606,0.2748806417323738,0.24871089802811208,0.334880605940478,0.25301370868960693,0.19952157334267182,0.2490243114279187,0.1907136609716962,0.12971259914816466,0.024440635963694265,0.6938205807907479,0.2694833669355732,0.6924920016566355,0.23357965544675272,0.6958875573505815,0.27924598876384726,0.6981554713360202,0.19122674251325247,0.6677234316068367,0.18320330530889353,0.29574753817818245,0.2863838340571606,0.00027606165087810106,0.00013112677943171596,1.0,0.5,0.7522043205405792,0.048051258040755856
P409,0.5107484324920588,0.5015995663056031,0.2619158919360493,0.29415213732007944,0.05588632216303577,0.07908420396204341,0.035613542738591505,0.05973713130342165,0.0037537631386029696,0.0025820658891606827,0.05113612313554941,0.04390975768300215,0.1261669198677839,0.06131668960797411,0.0812939858181665,0.00878658699826987,0.09240068098933521,0.036111759691556354,0.0013963417039642271,0.00038651021500389144,17.5,5.25,21.0,24.0,8.0,2.5,7.5,13.75,12.5,10.0,8.5,2.25,5.5,4.0,36.5,28.5,3.0,3.25,24.0,11.5,5.5,4.0,25.0,12.5,6.0,11.75,17.5,6.5,5.5,5.75,4.5,7.25,26.0,13.5,9.5,13.5,0.5000411261059707,0.4432938391710335,0.2895157406058767,0.07023104579271267,0.2836094035939568,0.214405410476205,0.7104842593941243,0.9297689542072876,0.30751027462217156,0.4136010891205138,0.40297398477195256,0.516167865086774,0.13788666794036614,0.03220365690514123,0.15162907266551048,0.03802738888757143,0.21634947030007348,0.3423007503527614,0.1740262214072752,0.13501267789106322,0.13734850769381451,0.1220513587600332,0.21629640833971409,0.14919543789168768,0.07372892573886192,0.010102009006540371,0.08998658200584042,0.008924231585686452,0.1335840076526347,0.07585432178372263,3.3602204202661585e-06,3.715687273609782e-06,0.5,0.0,0.27462462272689475,0.26644954925622993
P410,NaN,0.5100780431490612,NaN,NaN,NaN,0.006017164065239111,NaN,0.003646952154893611,NaN,6.6501300100417565e-06,NaN,6.6501300100417565e-06,0.0,0.0,0.0,0.0,0.0,0.0,NaN,6.6501300100417565e-06,0.0,0.0,0.0,0.25,0.0,0.0,0.0,0.25,0.0,0.0,0.0,0.0,0.0,0.0,0.0,0.25,0.0,0.0,0.0,0.0,0.0,0.0,0.0,0.0,0.0,0.25,0.0,0.0,0.0,0.0,0.0,0.0,0.0,0.0,0.0,0.25,NaN,0.0,NaN,0.0,NaN,0.0,NaN,1.0,NaN,0.0,NaN,1.0,NaN,0.0,NaN,0.0,NaN,1.0,0.0,3.3773706711102224e-06,0.0,0.0,0.0,5.689305461092769e-06,0.0,0.0,0.0,0.0,0.0,0.0,NaN,6.6501300100417565e-06,0.0,0.0,0.0,1.2998276493093686e-05
P411,NaN,NaN,NaN,NaN,NaN,NaN,NaN,NaN,NaN,NaN,NaN,NaN,0.0,0.0,0.0,0.0,0.0,0.0,NaN,NaN,0.0,0.0,0.0,0.0,0.0,0.0,0.0,0.0,0.0,0.0,0.0,0.0,0.0,0.0,0.0,0.0,0.0,0.0,0.0,0.0,0.0,0.0,0.0,0.0,0.0,0.0,0.0,0.0,0.0,0.0,0.0,0.0,0.0,0.0,0.0,0.0,NaN,NaN,NaN,NaN,NaN,NaN,NaN,NaN,NaN,NaN,NaN,NaN,NaN,NaN,NaN,NaN,NaN,NaN,0.0,0.0,0.0,0.0,0.0,0.0,0.0,0.0,0.0,0.0,0.0,0.0,NaN,NaN,0.0,0.0,0.0,0.0
P412,0.5080623116138252,0.5458508295062852,0.1851737859995901,0.3422770864060866,0.04589270369236666,0.03203778156371599,0.02257643497875281,0.02260704438749722,0.0029370705009034047,0.0007874562434216064,0.05475717598230545,0.01225974866180278,0.1238729841859278,0.042558650561483016,0.10372742567713825,0.01996674364922231,0.10921561239960507,0.06227803720663569,0.0005494098060574124,3.713159003805449e-05,17.5,24.0,27.0,54.5,6.0,10.5,14.0,24.5,13.0,29.75,10.5,13.5,2.0,3.25,43.5,78.25,0.5,2.0,21.0,35.25,2.0,3.25,22.0,36.5,19.0,38.25,13.0,21.25,4.0,4.0,14.0,33.75,23.0,38.75,21.0,40.5,0.48117042120368037,0.2335764190038559,0.4206937969694098,0.20791770006790344,0.3251679652660646,0.4764398733711576,0.5793062030305899,0.7920822999320967,0.3388516779489014,0.3303729452267098,0.2404545250816885,0.4617093547053869,0.16885362926208497,0.08465487863140236,0.25184016770732487,0.12326282143650108,0.19366161353025496,0.2899837076249867,0.1539839595265689,0.0993311259618227,0.17433376993878402,0.09284828070043061,0.1328334830986734,0.10669420785330216,0.08227135855718185,0.01634390402867801,0.12626008582841075,0.026817703970098906,0.11017079349472936,0.11193028727055164,3.3510040931045096e-06,3.4385592616526663e-06,1.0,0.0,0.2074551478053716,0.1249087223183447
P413,0.49971658970822275,0.516151299452211,0.13598448867647547,0.3252003251981097,0.044492741244960214,0.05884554729788444,0.01846330521407285,0.033662345386578696,0.008572134555903926,0.005556924619635571,0.09727783912284747,0.059023810963310205,0.1324073469822378,0.10361491368854878,0.1487584114499637,0.0160716447589626,0.14004262837730605,0.04958115865457556,0.0011733065272229019,0.00012029358553055958,11.0,3.5,6.5,14.0,6.5,1.75,2.0,6.0,4.0,8.0,4.0,1.25,1.5,1.75,16.5,17.0,0.5,0.5,11.5,8.5,1.5,1.75,12.0,9.5,3.0,5.75,10.0,5.5,2.0,3.25,2.5,4.5,13.5,10.75,4.0,7.0,0.4633431697767667,0.5637193851874452,0.5499805782018097,0.09865734589953534,0.43380574148578943,0.22824168475784845,0.45001942179819066,0.9013426541004647,0.27057750778654677,0.3996005768441451,0.179441914011644,0.5017420772563197,0.22257893267443538,0.046731146512618144,0.32740164552737444,0.05192619938691722,0.1028510887374438,0.2080389300547067,0.11672012910305828,0.16001981686485678,0.14970720927525097,0.13912844489667767,0.0842518167755565,0.18442381974469413,0.10638372978054322,0.019151902921243504,0.18933711135843245,0.016138689345917914,0.12569215437814676,0.03301996547863833,4.745275774465308e-06,3.093217354464223e-06,1.0,0.0,0.1105273546265998,0.1537679979242009
P414,0.5256071630484958,0.5247610041481923,0.1439360044026977,0.30917889732646714,0.02154973870125132,0.05302847733231218,0.0,0.03077655593905039,0.02711339105236155,0.005069112298130538,0.2414543912208872,0.023454580123609167,0.35194239117305637,0.024708053884061235,0.2508812280741192,0.037961441988832285,0.2356745220764721,0.08337098342866235,0.003676383524301831,0.000982463760008673,10.0,5.5,4.5,5.75,5.0,2.75,2.0,2.75,2.0,3.0,3.0,2.25,1.0,1.5,12.0,10.75,0.0,1.0,10.5,8.25,1.0,1.5,11.0,8.75,0.0,0.5,11.0,8.0,1.0,2.25,1.0,0.25,11.5,9.25,1.0,1.0,0.5424219483648702,0.2292239415751395,0.38294570252444204,0.35363525295636916,0.2621514163095846,0.6547718161608699,0.6170542974755583,0.6463647470436308,0.3028423172867171,0.2731943820019719,0.3142119801888412,0.37317036504165896,0.190210930524965,0.14531934445786282,0.19273477199947708,0.2083159084985064,0.19542663532554566,0.11600424226399085,0.3971477880247923,0.06533161197924817,0.3852508049159781,0.05561606720432388,0.40914293276079217,0.07075689379384693,0.24597674462027674,0.03019696497782232,0.25592122438646175,0.05262659947311234,0.3255652359674507,0.1960987339765038,0.00014471166300276332,9.05918333323543e-05,1.0,0.0,0.4527863522941301,0.056148518929320046
P415,0.3870871374660629,0.49023631183635596,0.18120453760594976,0.30162798638183275,0.14072972362294556,0.07600277555491938,0.07994802197296129,0.0315450762245132,0.0794853285319758,0.020549051986002487,0.36565490443975146,0.11291650447179855,0.5028940412886407,0.24795935155145873,0.3184233181791553,0.19221634261626774,0.27410548349661623,0.21891556478412152,0.021524507645482964,0.006050297781615557,3.5,4.75,4.5,4.5,1.5,2.25,2.5,1.5,2.0,2.5,1.0,1.5,3.5,1.5,7.0,7.75,2.0,0.25,0.5,4.5,3.5,1.5,2.0,5.5,1.5,0.75,2.5,5.0,5.0,2.25,2.5,0.75,3.5,6.5,3.0,1.75,0.5768759113608122,0.3494282331748849,0.28691600360147285,0.4023951625622558,0.1670102801233022,0.6427331359504852,0.7130839963985274,0.5976048374377442,0.4036034461548268,0.3392647272438754,0.3094805502437007,0.2583401101938688,0.15011658993119306,0.20356951525008393,0.13679941367027967,0.1988256473121719,0.2561138085158857,0.007838630874629797,0.5782380161586281,0.23192737898219762,0.6195161018876822,0.22884561742178539,0.5409069928284966,0.22588672784931246,0.318181801753081,0.191837497661201,0.32105231904374126,0.2019995572500835,0.18910850195606216,0.2551020815269994,0.001839748424371874,0.002020454390607007,1.0,0.0,0.7057825459032314,0.025793195648582835
P416,0.35488431885915117,0.48161990971357904,0.09799974801670316,0.30061748030573926,0.20494077716026565,0.0943166975594653,0.041162763818377066,0.030498468834399512,0.15826789929827437,0.043321135931735005,0.40511030643699897,0.16046369761674484,0.549975258346259,0.17027857968096605,0.6364342676037988,0.32413619413863204,0.543812519510489,0.4048822035933374,0.06040289699769694,0.015936826541516413,2.0,4.75,2.5,3.0,0.5,2.25,1.0,1.0,1.0,1.75,1.0,2.0,1.0,2.0,3.5,7.0,0.5,0.25,0.5,4.0,1.0,1.0,1.0,5.25,1.5,0.75,2.0,5.25,3.0,2.5,1.5,0.0,2.5,5.25,2.0,1.5,0.508236740536713,0.3413169260415771,0.6015479399252254,0.6641088850199752,0.39709787233910887,0.6376071538495716,0.398452060074775,0.3358911149800252,0.20179225626648323,0.14042330560125937,0.19665980380829173,0.19546780937876584,0.29877312694028163,0.34907041453342935,0.30277481298494313,0.31503847048654554,0.09466538712417784,0.0210759201088507,0.42669423084026714,0.17055541914836148,0.429100158618577,0.12151407759512181,0.42444328054195946,0.1889917944463347,0.6256047408905001,0.38901615597022354,0.6478733698750059,0.3066218827223095,0.3987698686294835,0.37099158328571197,0.02107438408382083,0.0015759317672946161,1.0,0.0,0.41810885901153505,0.04429536931998326
P417,0.4246339710939959,0.48438049015610185,0.17253260565888773,0.2281654226460786,0.12447464731305172,0.11010825254057044,0.04431055062411723,0.057835909087555225,0.03810404951798083,0.013818895602512895,0.23234877236714727,0.14485342196425785,0.44883479720007224,0.272539958856215,0.19735839212689016,0.1503818257150908,0.11673843029521497,0.11535922454953536,0.004933944043978129,0.0006721665485888075,3.5,7.0,7.0,7.25,1.0,4.0,4.5,3.0,2.5,4.0,1.5,2.25,2.5,3.0,9.5,13.25,0.5,2.0,3.0,7.0,2.0,3.0,3.0,7.25,4.0,2.75,2.5,6.25,2.5,3.25,4.0,2.75,4.5,8.5,6.0,3.0,0.7236712387161183,0.7619013277029925,0.3186432071345229,0.36546771853827753,0.13993492618985365,0.23355606510239552,0.6813567928654773,0.6345278292605547,0.31129496173908977,0.3578483376683611,0.37006183112638746,0.2766794915921944,0.14864518813462918,0.21469761794954473,0.16999801899989378,0.15077010058873289,0.13639383509402764,0.0005723155037053309,0.4183389648219453,0.21446916575453365,0.3798611159945793,0.21876858575762897,0.4576365147501045,0.1751421762580601,0.181707978548464,0.17038880621728691,0.2134496658589543,0.12588947065314943,0.11717609945445562,0.06421257507654302,0.0016538740716873035,4.952738131226564e-06,1.0,0.75,0.31120741612617514,0.0005132660443801123
P418,0.3602012294047372,0.49545970919677146,0.13717678490277035,0.29727954482518554,0.24728983944712246,0.08647997281277364,0.01563861862752926,0.05741175866589613,0.08264467893338413,0.004787760092738784,0.26208730039868466,0.031141357080518357,0.4353457136205596,0.12562915588245338,0.20738468596766188,0.024837388501630996,0.09829778784043283,0.05307337373160541,0.0694113164315082,0.0010773225896750917,4.0,5.5,3.0,15.0,2.0,3.25,1.0,9.75,2.0,5.25,1.0,2.0,1.5,4.75,6.0,20.25,0.5,3.0,3.0,10.5,1.5,4.75,3.0,10.5,1.5,4.25,3.5,8.25,1.5,5.5,1.5,2.75,4.0,12.5,2.5,5.75,0.7600309017247455,0.6930083323184799,0.363786386372293,0.1350679733579448,0.1320997234669668,0.23085104634864265,0.636213613627707,0.8648348487624045,0.3550847528699381,0.3987176838796656,0.28112886075776883,0.4661171648827388,0.1939775567273912,0.0983459910749507,0.1698088296449018,0.03672198228299409,0.11782251108597717,0.09395708175947715,0.3636415795128302,0.1578885215406031,0.41016219888870586,0.1510730240697416,0.31813831420050237,0.16612786820347858,0.22480127187434704,0.0388115025476396,0.190495448819258,0.014639603375754704,0.08343372736057778,0.1046130815039591,0.00036109609010560303,2.4012208285687417e-06,1.0,0.0,0.2555956791617375,0.08079826774054785
P419,0.46565379924940514,0.5284879775403716,0.10735001549436089,0.2961250537859172,0.01755628235099443,0.0798098050977279,0.0,0.025814259574360163,0.05020962695303837,0.01885670690484565,0.28339303460659515,0.11471573044097685,0.3706101195116373,0.19353305437324597,0.27986634255778886,0.03717046325103181,0.23022288671021418,0.0660597176855955,0.004315393589444818,0.0011075265325245867,4.0,2.75,4.0,5.5,2.0,1.75,2.0,3.0,2.0,2.5,1.0,1.0,1.0,1.25,7.0,8.25,0.0,0.0,3.5,4.75,1.0,1.25,3.5,5.25,2.5,1.75,4.5,3.5,1.5,1.5,3.5,2.0,5.0,6.0,3.5,3.25,0.5258148856325451,0.6950714357903516,0.3959622395858482,0.1323286535709079,0.23792449964461487,0.174477600474509,0.6040377604141511,0.8676713464290919,0.295452842872254,0.3939424148292069,0.30858491754189693,0.4737289315998856,0.207500500278949,0.06120329928749699,0.18846173930689908,0.07112535428341094,0.23626061472283916,0.1304509637351399,0.42130613252349436,0.24354284236408666,0.41967479992019063,0.22979103829114797,0.42346762484672407,0.2564777043024101,0.2972566260487641,0.04297888725741357,0.26769991393728165,0.04877857978395815,0.22212270852454735,0.08587788080869507,7.243883718205981e-05,0.00018342402355979296,1.0,0.0,0.5996503479764401,0.14691283776687938
P420,0.496481147976211,0.5407187210279486,0.13647715760868595,NaN,0.06299483432465372,0.02180246953348152,0.025692726461439358,0.002768882534137747,0.012208570663248179,0.003096817886126707,0.1080545138846353,0.018155745345476038,0.19487759703450877,0.0,0.2509765084237415,0.03897019528601617,0.333013630072127,0.049438083259075415,0.0005349824369493295,3.213668794061338e-05,7.0,3.5,18.0,5.25,4.5,1.25,10.5,3.0,7.0,2.25,1.5,2.25,1.0,0.0,23.5,8.75,0.0,0.0,8.0,4.25,1.0,0.0,9.0,4.25,13.5,4.5,6.0,3.0,3.0,0.0,12.5,4.5,10.0,4.25,15.0,4.5,0.36920305349833815,0.0,0.47210368320485885,0.9975641236298541,0.46461093756584776,0.9984315244444566,0.5278963167951413,0.002435876370145856,0.2777141272056537,0.000924453281316873,0.2501821895894881,0.001511423088828983,0.22348925718525275,0.3790305347415356,0.24861442601960604,0.618533588888319,0.16618600893581414,0.0015684755555433515,0.2814765355785288,8.209297100209629e-05,0.29382901485308643,6.583271495879043e-05,0.26694181886175494,9.335011335859023e-05,0.23279611217454355,0.04239216531537157,0.26996157343763455,0.046221571266294045,0.23113813416855702,0.0162070784025963,3.1377183123858828e-06,2.6180800877515654e-06,1.0,0.0,0.3470977159532824,0.00027000374053607045
P422,0.38453204442435146,0.33612223910678507,0.07480610365576737,0.17226914107903984,0.13779947967649703,0.17824977181871582,0.013527126258964529,0.08549709724179824,0.23762758100143216,0.06259765037194476,0.7093811570221803,0.14087817059510438,0.9804233749612976,0.23619022838308465,0.8472617835230088,0.2204812652147164,0.569329732116256,0.18108531339865802,0.00314655298459044,0.04316091729044784,2.0,2.75,2.0,2.0,1.5,0.75,0.5,0.5,0.5,0.75,0.5,1.5,1.0,1.5,3.0,3.5,0.0,0.5,1.5,1.5,1.0,1.5,1.5,2.0,0.5,0.0,2.0,2.5,1.0,2.0,0.0,0.0,2.5,3.0,1.5,0.0,0.6857621100367255,0.620955483367931,0.5987904324091042,0.5693983609964908,0.2973243997799667,0.37904451663206895,0.4012095675908952,0.4306016390035096,0.19413422153463294,0.2519977157514579,0.20707534605626257,0.17860392325205166,0.3063488811989102,0.31834469242176555,0.2924415512101943,0.25105366857472533,0.01691349018330764,0.0,0.5763129802036044,0.15712446397675112,0.5673685121248982,0.1342409646133661,0.5844368572246995,0.13365068591757592,0.886389068934012,0.3328716336829628,0.8122268454294854,0.19421390973065378,0.3452165348530599,0.11212779859225826,0.0003550329975256807,0.005333738046670557,1.0,0.75,0.09314810195414235,0.0
P423,NaN,NaN,NaN,NaN,NaN,NaN,NaN,NaN,NaN,NaN,NaN,NaN,0.0,0.0,0.0,0.0,0.0,0.0,NaN,NaN,0.0,0.0,0.0,0.0,0.0,0.0,0.0,0.0,0.0,0.0,0.0,0.0,0.0,0.0,0.0,0.0,0.0,0.0,0.0,0.0,0.0,0.0,0.0,0.0,0.0,0.0,0.0,0.0,0.0,0.0,0.0,0.0,0.0,0.0,0.0,0.0,NaN,NaN,NaN,NaN,NaN,NaN,NaN,NaN,NaN,NaN,NaN,NaN,NaN,NaN,NaN,NaN,NaN,NaN,0.0,0.0,0.0,0.0,0.0,0.0,0.0,0.0,0.0,0.0,0.0,0.0,NaN,NaN,0.0,0.0,0.0,0.0
P424,0.49037029686071465,0.5095353208357356,0.19589684104017208,NaN,0.02574345078051812,NaN,0.02053301866552978,NaN,0.00029896720872729594,9.46938952198516e-06,0.002768224142269943,1.0822159453697456e-05,0.0031339699561408877,0.0,0.00724137716311629,0.0,0.009599350405096414,0.0,3.1457092525794854e-05,1.0822159453697273e-05,14.0,0.0,14.0,4.0,7.0,0.0,4.0,0.0,10.0,4.0,7.0,0.0,1.0,0.0,28.0,4.0,1.0,0.0,15.0,0.0,1.0,0.0,15.0,0.0,12.0,4.0,16.0,0.0,1.0,0.0,11.0,4.0,16.0,0.0,12.0,4.0,0.1862212943632568,0.0,0.43632567849686843,0.0,0.440304676351731,0.0,0.5636743215031315,1.0,0.2701090878274042,1.0,0.2935652336757275,0.0,0.2947366317699436,0.0,0.1415890467269248,0.0,0.37347402928501205,1.0,0.009520825096118814,7.702757452040459e-05,0.009080459857265641,0.00018154367766388434,0.009965495965071966,0.0,0.009790592887756425,0.0,0.004696083617570451,0.0,0.08503006051658162,0.0,3.4952325028660967e-06,5.4110797268486365e-06,0.0,0.0,0.026355846473109047,0.00037140031131979896
P425,0.5209341161447502,0.5167557756067795,0.21970573738030974,0.26578961001293405,0.022063979893748687,0.08814787201671972,0.007149678655911564,0.046688673422075375,0.02833439518529212,0.013540325098365237,0.17813470809053902,0.06068763367061433,0.20781011203104818,0.11287571672181548,0.28304099312561315,0.12573089016907643,0.4204995900756445,0.2488855842118119,0.0026124961742309736,0.0016000121821109197,5.5,4.5,7.0,8.0,1.5,2.5,3.0,4.0,4.0,4.0,2.5,1.0,0.5,1.75,11.0,11.5,0.0,0.75,5.0,5.25,0.5,1.75,7.0,6.75,3.0,3.0,5.0,2.5,2.0,3.0,3.5,1.75,8.0,8.0,4.5,4.0,0.2990829575443633,0.36541536899838867,0.4621780652600064,0.39691349586553903,0.4191326230196467,0.5837408445075508,0.5377971362279044,0.6030865041344609,0.36746548315783717,0.2766841441135284,0.1703316530700671,0.3264023600209325,0.23486042041945027,0.16484938489969067,0.22731764484055622,0.23206411096584834,0.2192376735855382,0.050843786494060614,0.35017081924527654,0.19800178026837517,0.46078821815968374,0.14439343923773398,0.24360351881803863,0.20545307716284245,0.29821369092896116,0.14999117025046294,0.26928788178371027,0.13349551293487555,0.36594994368489636,0.08433809912059759,7.5379846514885415e-06,7.838494185365722e-06,0.5,0.0,0.5388473005790823,0.06781125525866175
P426,0.32470355154600594,0.31005520721965873,0.010165929752665339,0.14119273292940215,0.03736962931117635,0.22837155445778484,0.0,0.0,0.4526905152875433,0.3242830423392341,0.8943681496017819,0.5468530803406453,0.983876966368477,0.7852780966849938,0.9045793898481383,0.7154163488446442,0.8312302685141071,0.40968760556618516,0.4526905152875433,0.28288593652317245,2.0,2.0,1.0,1.25,1.5,1.0,0.0,0.0,0.5,0.0,0.0,1.0,1.0,1.0,2.0,2.0,0.0,0.0,1.0,1.0,1.0,1.0,1.0,1.0,0.0,0.0,3.0,2.0,1.0,1.0,1.0,0.0,2.0,2.0,1.0,0.0,0.5431674447003364,0.7088346292581819,0.507623618621926,0.6550148796627842,0.34874876911062563,0.2911653707418181,0.49237638137807316,0.3449851203372166,0.24573492388498858,0.1624642349994531,0.24664145749308458,0.18252088533776345,0.25655372865980347,0.34194246606861445,0.2510698899621227,0.31307241359416915,0.10808378618903743,0.0,0.9062672195871688,0.3868567456793571,0.8952863759742795,0.34795755195199424,0.9175539594853424,0.3966677380605759,0.9157186665542898,0.7630330865183561,0.8934775867817084,0.7032994853069254,0.5040561422182103,0.19551590484739717,0.011012880973304693,0.1431101101538845,1.0,1.0,0.8119547626884704,0.0
P428,0.5439318458151085,0.4455330067803356,0.18077472934602937,NaN,0.03810991879598027,0.018365987821423138,0.020381805137788273,0.0,0.006167763002076639,0.004468466640501458,0.03629868644427345,0.0056266413728703465,0.01065566452553328,0.0,0.0953542127723557,0.011371407338095697,0.13278666872232875,0.014998063930910749,0.0006970352450871493,0.004468466640501458,5.5,1.5,3.5,0.0,3.0,0.5,1.5,0.0,2.0,0.0,2.5,1.0,0.5,0.0,9.0,1.5,0.0,0.0,6.0,1.5,0.5,0.0,6.5,1.5,2.0,0.0,5.0,1.5,1.0,0.0,1.0,0.0,6.5,1.5,3.0,0.0,0.07180750412309536,0.0,0.8827629911280102,1.0,0.8911206353897785,1.0,0.11723700887198983,0.0,0.05141861279588827,0.0,0.06581839607610156,0.0,0.46288543696442513,0.49305116866708787,0.41987755416358497,0.5069488313329121,0.03707186048712625,0.0,0.01754436871342295,0.0,0.015022223135716745,0.0,0.020192918178025796,0.0,0.09919856352518375,0.01589523904885442,0.09228514202839669,0.010599784517989652,0.20019453816897437,0.011995501672318803,6.356170498044702e-05,0.0033102919081325695,0.0,0.0,0.02212431173815128,0.0
P429,0.3744517026717533,0.44788062890655855,0.24155665268227378,0.245606227390371,0.11665656319510091,0.12513515963679633,0.008197844984546732,0.08246374009287125,0.12947441429141815,0.019192007566320876,0.47629123482971014,0.14873903225904372,0.5519858736843957,0.20731353209147793,0.5764507135613519,0.32256455275233886,0.5759098098711409,0.2940986406419752,0.006301734300439465,0.003745997178958135,1.0,6.5,4.5,7.25,0.5,3.25,1.0,3.5,2.5,3.25,0.5,1.75,1.5,3.5,4.5,11.75,0.0,3.25,0.5,5.75,1.0,3.5,0.5,7.75,2.5,0.5,2.0,5.5,2.0,5.5,3.5,0.5,2.0,8.0,4.0,0.5,0.5295711117119263,0.4706957866523071,0.5673972839539443,0.7468957930212227,0.41694812376117996,0.5292870066783877,0.4326027160460584,0.25310420697877745,0.2384595662913639,0.13975475206675722,0.19414314975469457,0.11334945491202017,0.2899358836974545,0.36999549969914525,0.27746140025648885,0.3769002933220773,0.08683951672827123,1.720666930502295e-05,0.4597379027759001,0.11530601274422819,0.4905203654100232,0.11823341120053962,0.42918580989808597,0.09180706018743254,0.5676788448149175,0.32790705212324955,0.5879614184184704,0.3581864511927727,0.39065493606227547,0.2546718744374282,0.00024224181249373654,0.00038181457860406046,1.0,0.0,0.3780754598980458,3.500834910988996e-05
P430,NaN,NaN,NaN,NaN,NaN,NaN,NaN,NaN,NaN,NaN,NaN,NaN,0.0,0.0,0.0,0.0,0.0,0.0,NaN,NaN,0.0,0.0,0.0,0.0,0.0,0.0,0.0,0.0,0.0,0.0,0.0,0.0,0.0,0.0,0.0,0.0,0.0,0.0,0.0,0.0,0.0,0.0,0.0,0.0,0.0,0.0,0.0,0.0,0.0,0.0,0.0,0.0,0.0,0.0,0.0,0.0,NaN,NaN,NaN,NaN,NaN,NaN,NaN,NaN,NaN,NaN,NaN,NaN,NaN,NaN,NaN,NaN,NaN,NaN,0.0,0.0,0.0,0.0,0.0,0.0,0.0,0.0,0.0,0.0,0.0,0.0,NaN,NaN,0.0,0.0,0.0,0.0
P431,0.512061256747651,0.49716848770714656,0.02605801845367921,0.2369132614182964,0.017122982056952382,0.09511531928526717,0.002405576502164538,0.04521469769280182,0.064165770761302,0.02227875115367716,0.5298949297476958,0.1523322857780186,0.621855521330259,0.36596181204523315,0.456978463904255,0.28848909967130665,0.40759935367324435,0.2143098856990513,0.0009944099027150235,0.0012995553023182724,5.0,7.25,5.0,7.5,2.5,3.75,2.5,2.0,2.0,4.0,1.5,2.75,1.0,2.5,8.5,12.5,0.0,1.25,6.0,6.75,1.0,2.5,6.0,8.5,1.5,1.5,5.0,5.75,1.0,4.0,3.0,1.5,7.0,9.75,2.5,2.0,0.5736481594001023,0.6825647546628162,0.4262224492290446,0.5342521555318491,0.2827739669631433,0.31424887167680504,0.5737775507709476,0.46574784446815093,0.2679389815971557,0.23987680155935742,0.30583856917379304,0.2258710429087933,0.21933101889576406,0.23558163253901454,0.20689143033328058,0.29867052299283464,0.14357787363674787,0.0031863736603780974,0.6292481123773312,0.2467724152675929,0.5862558579337445,0.2239040178208413,0.6726494830767422,0.22265501067412993,0.46035029875214284,0.2888468532490639,0.453588353384189,0.3416123649151307,0.3102689043538425,0.16719332677984317,4.403354086015633e-06,4.364103209145414e-05,1.0,1.0,0.6326585056397493,0.006677819130640464
P432,0.5356805026374414,0.470657278295615,NaN,0.29439726973257524,0.03115327853833291,0.1223557520512366,0.00043304450476584305,0.05427755450549424,0.024650731343505775,0.03034507390471991,0.07828250363539938,0.1374061697554397,0.01936062601394437,0.22436404403049098,0.21318031884451846,0.23525956600930464,0.28315268340984423,0.4842471501368925,0.012563547363868971,0.009431238965041472,3.0,6.0,2.0,6.25,1.5,2.5,1.0,2.0,1.0,3.5,1.5,2.5,0.0,3.0,5.0,10.5,0.0,1.25,2.5,4.5,0.0,2.75,4.5,6.25,0.5,1.5,4.5,4.75,1.0,4.25,1.5,1.0,5.0,7.75,1.5,2.25,0.06300827157527186,0.3663737313222042,0.8262287522840404,0.38291514904151913,0.8832581452043046,0.6281862005231756,0.17377124771595961,0.6170848509584802,0.0859287691456077,0.3605274414068801,0.0878424785703519,0.2565574095516001,0.32360161454321096,0.19523952452847665,0.5026271377408292,0.18767562451304262,0.053733583220423244,0.005440068154620366,0.03407196520575682,0.3643694211790075,0.032620235883633046,0.37818586415510613,0.0356134139113649,0.30626514336122457,0.16417292553869323,0.2650966070691664,0.2619107945714273,0.23450331264621546,0.2798801244737284,0.4472426262767213,0.0021260056795992842,0.00011098187725625975,0.0,0.0,0.04841181818753043,0.014655380363701651
P434,NaN,NaN,NaN,NaN,NaN,NaN,NaN,NaN,NaN,NaN,NaN,NaN,0.0,0.0,0.0,0.0,0.0,0.0,NaN,NaN,0.0,0.0,0.0,0.0,0.0,0.0,0.0,0.0,0.0,0.0,0.0,0.0,0.0,0.0,0.0,0.0,0.0,0.0,0.0,0.0,0.0,0.0,0.0,0.0,0.0,0.0,0.0,0.0,0.0,0.0,0.0,0.0,0.0,0.0,0.0,0.0,NaN,NaN,NaN,NaN,NaN,NaN,NaN,NaN,NaN,NaN,NaN,NaN,NaN,NaN,NaN,NaN,NaN,NaN,0.0,0.0,0.0,0.0,0.0,0.0,0.0,0.0,0.0,0.0,0.0,0.0,NaN,NaN,0.0,0.0,0.0,0.0
P435,0.48683289711250377,0.5023176172594583,0.2541040273262139,0.24028652147809254,0.09753803061757588,0.07638791946614301,0.03632828392567002,0.028969690246896676,0.026370453848501813,0.017009909108820973,0.3666698435443375,0.1369029273144291,0.7573674479687558,0.3563676311700713,0.620856745245087,0.23158540394262211,0.38496882555948336,0.2522112175829211,0.006443010556758707,0.004770793681099455,13.0,11.25,10.5,7.5,7.0,4.25,4.5,4.0,4.5,3.0,5.5,5.25,5.5,2.5,21.5,16.5,1.5,0.75,11.5,11.0,5.5,2.5,13.5,12.25,2.0,1.75,13.0,10.75,8.0,4.0,1.5,1.0,18.0,14.0,5.5,2.5,0.6709028510554753,0.6245918125997418,0.5388755195702277,0.4062671089426656,0.2531260111020868,0.34876677191406685,0.46112448042977155,0.5937328910573345,0.21591165985034577,0.2988354542250222,0.24521282057942584,0.2948974368323126,0.2953555095929129,0.2186674366200635,0.243520009977315,0.18759967232260208,0.07597113784243771,0.026641415486191228,0.5162162407621236,0.3333765940055291,0.46771889923194365,0.3066784191806895,0.5653017015028268,0.31070169501875683,0.6643079879138865,0.2609487483531189,0.5751943063862384,0.24455722159952153,0.4245370724924956,0.320097708153239,7.879689320766598e-05,5.749291212964201e-05,1.0,1.0,0.35814381614085744,0.06411264373592511
P436,0.5147507093842036,0.48883604437560246,0.17940587794418159,0.25564256715758193,0.053503394606009946,0.1529436924106224,0.03129163848492529,0.12756643069543763,0.003972581950415182,0.0018677838781417022,0.10387360249065034,0.03655255945492204,0.2257094136321119,0.13901568245349288,0.11500319199340081,0.043274112884849406,0.08024260715779194,0.06514322257713395,0.00036504611877721484,3.358173315395655e-05,19.5,16.75,22.5,35.5,8.5,7.25,8.5,20.5,14.0,14.25,9.5,8.75,3.5,12.0,40.5,50.75,1.5,10.25,21.0,14.25,3.5,11.75,23.5,15.75,13.5,23.25,21.0,10.75,4.0,12.75,11.5,23.25,24.0,17.5,17.0,24.25,0.7017055401944001,0.7421492343221643,0.3630725905123561,0.22304515635979094,0.18977800143504675,0.24089166700207337,0.6369274094876444,0.7769548436402091,0.374305953709418,0.39005584928111925,0.26262145577822577,0.3868989943590898,0.16603185014249455,0.11253513204910098,0.1970407403698615,0.11051002431068999,0.10851645837055332,0.01695909867576237,0.20620110294916655,0.14872194125065416,0.24133583712007783,0.11107359335969738,0.1722065276612995,0.14707399905058657,0.10340544342210874,0.036845956541590646,0.12837392512545923,0.0435067582128603,0.2026520349803176,0.1037186453068899,5.435208381630512e-06,3.749183813226153e-06,1.0,0.25,0.14342236601872707,0.016861233915377652
P438,0.37093001776797174,0.4352967327603008,0.19198345148603446,NaN,0.035748492625406025,0.06330765889137648,0.0,0.0,0.054191732971084795,0.030180211700671686,0.09253347564525513,0.030180211700671686,0.15370186450110415,0.0,0.13894479231313572,0.059889346423887026,0.16753978448422524,0.08167114092671046,0.06599068503784206,0.030180211700671686,3.0,1.0,1.0,0.0,0.0,0.5,1.0,0.0,0.0,0.0,2.0,0.5,1.0,0.0,3.0,1.0,0.0,0.0,1.0,1.0,1.0,0.0,2.0,1.0,0.0,0.0,2.0,1.0,2.0,0.0,1.0,0.0,2.0,1.0,1.0,0.0,0.47043336167098576,0.0,0.43142465789561485,1.0,0.3700005695443719,1.0,0.5685753421043851,0.0,0.28063373885024273,0.0,0.2879416032541427,0.0,0.19297104040608812,0.5,0.23845361748952643,0.5,0.15956606878464194,0.0,0.18666344245380562,0.0,0.18259749059806268,0.0,0.19080430739403817,0.0,0.12230034997865356,0.08189873992902989,0.1561416250448655,0.0678751544653133,0.10558561188836059,0.066627079441856,0.004051038230157193,0.030180211700671686,0.0,0.0,0.18093889441623845,0.0
P439,NaN,NaN,NaN,NaN,NaN,NaN,NaN,NaN,NaN,NaN,NaN,NaN,0.0,0.0,0.0,0.0,0.0,0.0,NaN,NaN,0.0,0.0,0.0,0.0,0.0,0.0,0.0,0.0,0.0,0.0,0.0,0.0,0.0,0.0,0.0,0.0,0.0,0.0,0.0,0.0,0.0,0.0,0.0,0.0,0.0,0.0,0.0,0.0,0.0,0.0,0.0,0.0,0.0,0.0,0.0,0.0,NaN,NaN,NaN,NaN,NaN,NaN,NaN,NaN,NaN,NaN,NaN,NaN,NaN,NaN,NaN,NaN,NaN,NaN,0.0,0.0,0.0,0.0,0.0,0.0,0.0,0.0,0.0,0.0,0.0,0.0,NaN,NaN,0.0,0.0,0.0,0.0
P440,0.3889875110955928,0.5087190809597038,0.16523831017895851,0.3654840189380856,0.18474053335925902,0.12665412840160156,0.053669017831430216,0.10015561974635048,0.035179018760214814,0.0021577920988096566,0.06877183942614343,0.015393045619393178,0.126271772101029,0.030505556947039346,0.12287859847300983,0.035217399785645746,0.12688763504523592,0.05243338296748739,0.03211885954935911,0.00031226586624678247,2.0,2.0,3.0,15.5,1.0,1.25,1.0,7.5,2.0,7.75,0.0,0.75,1.0,4.25,4.0,17.25,0.5,4.0,0.0,4.25,1.0,4.5,1.0,4.25,2.0,8.5,1.0,4.25,2.5,4.5,1.5,8.0,1.0,4.25,2.5,9.0,0.4873691719804236,0.41929172327754594,0.4803985393110034,0.4645696692800146,0.38982355160414395,0.5611589014396602,0.5196014606889969,0.5354303307199854,0.28467889857863976,0.20655537810307142,0.23492256211035611,0.32887495261691396,0.2883214496300406,0.14161780252860057,0.1920770896809627,0.3229518667514141,0.1228072764154321,0.019549375282793813,0.13174315149055227,0.03737217663527231,0.1427205962572825,0.02901136001947378,0.12063352200686084,0.04518646297935752,0.14545033429314375,0.02228082277751329,0.10028904479223713,0.0487786350921207,0.08641870681919447,0.10303607174032481,0.0017805671411873908,3.911373696723807e-06,1.0,0.0,0.13347523923364718,0.004481865958509074
P441,0.4843013675437055,0.4989529525576208,0.029043658241383732,0.29068545432177617,0.05926947481045824,0.10517994444424289,0.0015167808868223618,0.06776413771497392,0.06508957500510412,0.01006064468608544,0.46892507016466445,0.0622677818859602,0.5964249375379869,0.1173514829377063,0.47978905818903456,0.11163460337124917,0.3048851244965862,0.13883583949356237,0.0030214905933720494,0.001037605774659574,4.5,4.0,6.0,9.0,1.5,2.5,3.0,4.75,2.0,4.25,2.5,1.25,1.0,3.25,9.0,12.75,0.0,2.25,3.0,5.25,1.0,3.25,4.0,7.25,4.0,2.25,5.0,5.25,1.0,5.75,3.5,1.25,5.0,8.0,5.0,3.5,0.6036658877937744,0.47022645805895735,0.4734576180498322,0.4595727940854024,0.20704019911675042,0.42049012690200105,0.5265423819501702,0.5404272059145976,0.27582471430707267,0.28372330372429044,0.25071766764309733,0.2567039021903086,0.21633506421138993,0.2675917698637126,0.2571225538384431,0.19198102422168983,0.18929391308947824,0.10928341503904174,0.5149855778556127,0.13688845270189826,0.5210796672449782,0.13913600400244452,0.5080669708982444,0.1261790723016694,0.4274810783196904,0.14649535201648575,0.5348030271776723,0.10909577391614786,0.27996618817619456,0.12059753156792628,7.499017952146082e-06,8.745437562272033e-06,1.0,0.0,0.6117903039540529,0.10851527461000265
P442,0.3920625350717919,0.4965437646635581,0.07737019977817777,0.09265813252676709,0.00885125355496918,0.14101500779772516,0.0,0.016821349211339664,0.35879945702080085,0.08044488810413722,0.7169042200662753,0.36963756892011274,0.7608929771437248,0.6975475842217385,0.7661794901168018,0.6096343657597596,0.6639404404768311,0.5108890342299224,0.35879945702080085,0.021836330355674997,1.0,4.0,2.0,6.0,0.0,2.0,1.0,1.5,0.0,3.0,1.0,1.0,1.0,2.0,2.0,7.5,0.0,0.0,1.0,3.0,1.0,1.0,1.0,4.0,0.0,2.0,2.0,3.5,1.0,2.5,1.0,1.5,2.0,6.0,1.0,4.0,0.5269942687060286,0.6083691254332284,0.5279003848632277,0.5441376189235512,0.34647976995357294,0.34045232197761544,0.4720996151367724,0.45586238107644805,0.269826850789094,0.24036038371780194,0.20227276434767846,0.2155019973586467,0.1798317025622329,0.2846324205332626,0.3480686823009949,0.2595051983902884,0.12652596134039812,0.05117855258915542,0.6700891313103587,0.5304843111443585,0.8500135028779642,0.5460761621996968,0.5225413753805476,0.5065400379342009,0.6469441263121781,0.663032224535744,0.8468153734016329,0.593811131497829,0.22432407428117832,0.12281016804290198,0.0006946939753263862,5.580838881230071e-05,1.0,1.0,0.7065225572511706,0.24287151149097191
